Gemeinderats- und Bürgermeisterwahl der Landeshauptstadt Innsbruck 2024, 14.04.2024 (Bericht wurde generiert am 15.04.2024 um 11:20)
Bezirk_Id;Bezirk;Gemeinde_Id;Gemeinde;Sprengel_Nr;Wahlberechtigte;Abgegebene Stimmen;Wahlbeteiligung;Gültige Stimmen;Ungültige Stimmen;Nr./Kandidat1;Name/Kandidat1;Stimmen/Kandidat1;Prozente/Kandidat1;Nr./Kandidat2;Name/Kandidat2;Stimmen/Kandidat2;Prozente/Kandidat2;Nr./Kandidat3;Name/Kandidat3;Stimmen/Kandidat3;Prozente/Kandidat3;Nr./Kandidat4;Name/Kandidat4;Stimmen/Kandidat4;Prozente/Kandidat4;Nr./Kandidat5;Name/Kandidat5;Stimmen/Kandidat5;Prozente/Kandidat5;Nr./Kandidat6;Name/Kandidat6;Stimmen/Kandidat6;Prozente/Kandidat6;Nr./Kandidat7;Name/Kandidat7;Stimmen/Kandidat7;Prozente/Kandidat7;Nr./Kandidat8;Name/Kandidat8;Stimmen/Kandidat8;Prozente/Kandidat8;Nr./Kandidat9;Name/Kandidat9;Stimmen/Kandidat9;Prozente/Kandidat9;Nr./Kandidat10;Name/Kandidat10;Stimmen/Kandidat10;Prozente/Kandidat10;Nr./Kandidat11;Name/Kandidat11;Stimmen/Kandidat11;Prozente/Kandidat11;Nr./Kandidat12;Name/Kandidat12;Stimmen/Kandidat12;Prozente/Kandidat12;Nr./Kandidat13;Name/Kandidat13;Stimmen/Kandidat13;Prozente/Kandidat13;
701;Innsbruck-Stadt;70101;Innsbruck;;100564;60822;60,48;59155;1667;1;Willi Georg;13543;22,89;2;Lassenberger Markus;9418;15,92;3;Tursky Florian, MSc, MBA;6156;10,41;4;Mag. Seidl Julia;1185;2,00;5;Dr. Haselwanter-Schneider Andrea;2736;4,63;6;Depaoli Gerald;1211;2,05;7;Onay Mesut;1392;2,35;8;Mag.a Mayr Elisabeth;9000;15,21;9;Reichholf Helmut;297;0,50;10;Ing. Mag. Anzengruber Johannes;11455;19,36;11;Veber Franz Christian;163;0,28;12;Buchacher Helmut;199;0,34;13;Tomedi Pia;2400;4,06;
701;Innsbruck-Stadt;70101;Innsbruck;-1;;12055;;11969;86;1;Willi Georg;3200;26,74;2;Lassenberger Markus;1391;11,62;3;Tursky Florian, MSc, MBA;1225;10,23;4;Mag. Seidl Julia;308;2,57;5;Dr. Haselwanter-Schneider Andrea;575;4,80;6;Depaoli Gerald;173;1,45;7;Onay Mesut;289;2,41;8;Mag.a Mayr Elisabeth;1706;14,25;9;Reichholf Helmut;60;0,50;10;Ing. Mag. Anzengruber Johannes;2545;21,26;11;Veber Franz Christian;31;0,26;12;Buchacher Helmut;28;0,23;13;Tomedi Pia;438;3,66;
701;Innsbruck-Stadt;70101;Innsbruck;1;;338;;329;9;1;Willi Georg;111;33,74;2;Lassenberger Markus;32;9,73;3;Tursky Florian, MSc, MBA;45;13,68;4;Mag. Seidl Julia;12;3,65;5;Dr. Haselwanter-Schneider Andrea;6;1,82;6;Depaoli Gerald;1;0,30;7;Onay Mesut;15;4,56;8;Mag.a Mayr Elisabeth;54;16,41;9;Reichholf Helmut;4;1,22;10;Ing. Mag. Anzengruber Johannes;34;10,33;11;Veber Franz Christian;1;0,30;12;Buchacher Helmut;0;0,00;13;Tomedi Pia;14;4,26;
701;Innsbruck-Stadt;70101;Innsbruck;10;;339;;327;12;1;Willi Georg;107;32,72;2;Lassenberger Markus;36;11,01;3;Tursky Florian, MSc, MBA;35;10,70;4;Mag. Seidl Julia;7;2,14;5;Dr. Haselwanter-Schneider Andrea;12;3,67;6;Depaoli Gerald;2;0,61;7;Onay Mesut;8;2,45;8;Mag.a Mayr Elisabeth;45;13,76;9;Reichholf Helmut;4;1,22;10;Ing. Mag. Anzengruber Johannes;40;12,23;11;Veber Franz Christian;2;0,61;12;Buchacher Helmut;0;0,00;13;Tomedi Pia;29;8,87;
701;Innsbruck-Stadt;70101;Innsbruck;11;;308;;304;4;1;Willi Georg;121;39,80;2;Lassenberger Markus;20;6,58;3;Tursky Florian, MSc, MBA;23;7,57;4;Mag. Seidl Julia;6;1,97;5;Dr. Haselwanter-Schneider Andrea;4;1,32;6;Depaoli Gerald;2;0,66;7;Onay Mesut;6;1,97;8;Mag.a Mayr Elisabeth;61;20,07;9;Reichholf Helmut;1;0,33;10;Ing. Mag. Anzengruber Johannes;44;14,47;11;Veber Franz Christian;1;0,33;12;Buchacher Helmut;0;0,00;13;Tomedi Pia;15;4,93;
701;Innsbruck-Stadt;70101;Innsbruck;12;;304;;280;24;1;Willi Georg;84;30,00;2;Lassenberger Markus;31;11,07;3;Tursky Florian, MSc, MBA;29;10,36;4;Mag. Seidl Julia;1;0,36;5;Dr. Haselwanter-Schneider Andrea;10;3,57;6;Depaoli Gerald;5;1,79;7;Onay Mesut;7;2,50;8;Mag.a Mayr Elisabeth;46;16,43;9;Reichholf Helmut;0;0,00;10;Ing. Mag. Anzengruber Johannes;60;21,43;11;Veber Franz Christian;0;0,00;12;Buchacher Helmut;0;0,00;13;Tomedi Pia;7;2,50;
701;Innsbruck-Stadt;70101;Innsbruck;13;;306;;304;2;1;Willi Georg;98;32,24;2;Lassenberger Markus;33;10,86;3;Tursky Florian, MSc, MBA;23;7,57;4;Mag. Seidl Julia;6;1,97;5;Dr. Haselwanter-Schneider Andrea;12;3,95;6;Depaoli Gerald;11;3,62;7;Onay Mesut;2;0,66;8;Mag.a Mayr Elisabeth;53;17,43;9;Reichholf Helmut;3;0,99;10;Ing. Mag. Anzengruber Johannes;53;17,43;11;Veber Franz Christian;0;0,00;12;Buchacher Helmut;0;0,00;13;Tomedi Pia;10;3,29;
701;Innsbruck-Stadt;70101;Innsbruck;20;;188;;185;3;1;Willi Georg;59;31,89;2;Lassenberger Markus;16;8,65;3;Tursky Florian, MSc, MBA;18;9,73;4;Mag. Seidl Julia;5;2,70;5;Dr. Haselwanter-Schneider Andrea;8;4,32;6;Depaoli Gerald;6;3,24;7;Onay Mesut;3;1,62;8;Mag.a Mayr Elisabeth;30;16,22;9;Reichholf Helmut;0;0,00;10;Ing. Mag. Anzengruber Johannes;30;16,22;11;Veber Franz Christian;0;0,00;12;Buchacher Helmut;0;0,00;13;Tomedi Pia;10;5,41;
701;Innsbruck-Stadt;70101;Innsbruck;21;;178;;170;8;1;Willi Georg;49;28,82;2;Lassenberger Markus;7;4,12;3;Tursky Florian, MSc, MBA;22;12,94;4;Mag. Seidl Julia;2;1,18;5;Dr. Haselwanter-Schneider Andrea;3;1,76;6;Depaoli Gerald;0;0,00;7;Onay Mesut;7;4,12;8;Mag.a Mayr Elisabeth;42;24,71;9;Reichholf Helmut;0;0,00;10;Ing. Mag. Anzengruber Johannes;22;12,94;11;Veber Franz Christian;0;0,00;12;Buchacher Helmut;1;0,59;13;Tomedi Pia;15;8,82;
701;Innsbruck-Stadt;70101;Innsbruck;30;;194;;191;3;1;Willi Georg;70;36,65;2;Lassenberger Markus;15;7,85;3;Tursky Florian, MSc, MBA;27;14,14;4;Mag. Seidl Julia;7;3,66;5;Dr. Haselwanter-Schneider Andrea;3;1,57;6;Depaoli Gerald;2;1,05;7;Onay Mesut;12;6,28;8;Mag.a Mayr Elisabeth;29;15,18;9;Reichholf Helmut;1;0,52;10;Ing. Mag. Anzengruber Johannes;17;8,90;11;Veber Franz Christian;0;0,00;12;Buchacher Helmut;0;0,00;13;Tomedi Pia;8;4,19;
701;Innsbruck-Stadt;70101;Innsbruck;31;;329;;324;5;1;Willi Georg;103;31,79;2;Lassenberger Markus;29;8,95;3;Tursky Florian, MSc, MBA;34;10,49;4;Mag. Seidl Julia;19;5,86;5;Dr. Haselwanter-Schneider Andrea;8;2,47;6;Depaoli Gerald;3;0,93;7;Onay Mesut;13;4,01;8;Mag.a Mayr Elisabeth;53;16,36;9;Reichholf Helmut;5;1,54;10;Ing. Mag. Anzengruber Johannes;29;8,95;11;Veber Franz Christian;1;0,31;12;Buchacher Helmut;1;0,31;13;Tomedi Pia;26;8,02;
701;Innsbruck-Stadt;70101;Innsbruck;32;;285;;283;2;1;Willi Georg;105;37,10;2;Lassenberger Markus;21;7,42;3;Tursky Florian, MSc, MBA;41;14,49;4;Mag. Seidl Julia;7;2,47;5;Dr. Haselwanter-Schneider Andrea;8;2,83;6;Depaoli Gerald;1;0,35;7;Onay Mesut;14;4,95;8;Mag.a Mayr Elisabeth;40;14,13;9;Reichholf Helmut;3;1,06;10;Ing. Mag. Anzengruber Johannes;32;11,31;11;Veber Franz Christian;0;0,00;12;Buchacher Helmut;2;0,71;13;Tomedi Pia;9;3,18;
701;Innsbruck-Stadt;70101;Innsbruck;40;;171;;170;1;1;Willi Georg;40;23,53;2;Lassenberger Markus;27;15,88;3;Tursky Florian, MSc, MBA;20;11,76;4;Mag. Seidl Julia;3;1,76;5;Dr. Haselwanter-Schneider Andrea;7;4,12;6;Depaoli Gerald;4;2,35;7;Onay Mesut;14;8,24;8;Mag.a Mayr Elisabeth;22;12,94;9;Reichholf Helmut;1;0,59;10;Ing. Mag. Anzengruber Johannes;23;13,53;11;Veber Franz Christian;0;0,00;12;Buchacher Helmut;1;0,59;13;Tomedi Pia;8;4,71;
701;Innsbruck-Stadt;70101;Innsbruck;41;;196;;187;9;1;Willi Georg;66;35,29;2;Lassenberger Markus;23;12,30;3;Tursky Florian, MSc, MBA;19;10,16;4;Mag. Seidl Julia;2;1,07;5;Dr. Haselwanter-Schneider Andrea;6;3,21;6;Depaoli Gerald;2;1,07;7;Onay Mesut;6;3,21;8;Mag.a Mayr Elisabeth;34;18,18;9;Reichholf Helmut;0;0,00;10;Ing. Mag. Anzengruber Johannes;11;5,88;11;Veber Franz Christian;0;0,00;12;Buchacher Helmut;1;0,53;13;Tomedi Pia;17;9,09;
701;Innsbruck-Stadt;70101;Innsbruck;50;;266;;263;3;1;Willi Georg;56;21,29;2;Lassenberger Markus;57;21,67;3;Tursky Florian, MSc, MBA;25;9,51;4;Mag. Seidl Julia;1;0,38;5;Dr. Haselwanter-Schneider Andrea;6;2,28;6;Depaoli Gerald;4;1,52;7;Onay Mesut;9;3,42;8;Mag.a Mayr Elisabeth;46;17,49;9;Reichholf Helmut;0;0,00;10;Ing. Mag. Anzengruber Johannes;40;15,21;11;Veber Franz Christian;0;0,00;12;Buchacher Helmut;2;0,76;13;Tomedi Pia;17;6,46;
701;Innsbruck-Stadt;70101;Innsbruck;51;;338;;325;13;1;Willi Georg;102;31,38;2;Lassenberger Markus;53;16,31;3;Tursky Florian, MSc, MBA;24;7,38;4;Mag. Seidl Julia;6;1,85;5;Dr. Haselwanter-Schneider Andrea;23;7,08;6;Depaoli Gerald;2;0,62;7;Onay Mesut;6;1,85;8;Mag.a Mayr Elisabeth;60;18,46;9;Reichholf Helmut;2;0,62;10;Ing. Mag. Anzengruber Johannes;35;10,77;11;Veber Franz Christian;0;0,00;12;Buchacher Helmut;3;0,92;13;Tomedi Pia;9;2,77;
701;Innsbruck-Stadt;70101;Innsbruck;52;;338;;333;5;1;Willi Georg;119;35,74;2;Lassenberger Markus;34;10,21;3;Tursky Florian, MSc, MBA;19;5,71;4;Mag. Seidl Julia;7;2,10;5;Dr. Haselwanter-Schneider Andrea;15;4,50;6;Depaoli Gerald;6;1,80;7;Onay Mesut;13;3,90;8;Mag.a Mayr Elisabeth;50;15,02;9;Reichholf Helmut;4;1,20;10;Ing. Mag. Anzengruber Johannes;39;11,71;11;Veber Franz Christian;3;0,90;12;Buchacher Helmut;3;0,90;13;Tomedi Pia;21;6,31;
701;Innsbruck-Stadt;70101;Innsbruck;60;;341;;330;11;1;Willi Georg;97;29,39;2;Lassenberger Markus;28;8,48;3;Tursky Florian, MSc, MBA;50;15,15;4;Mag. Seidl Julia;8;2,42;5;Dr. Haselwanter-Schneider Andrea;13;3,94;6;Depaoli Gerald;3;0,91;7;Onay Mesut;8;2,42;8;Mag.a Mayr Elisabeth;54;16,36;9;Reichholf Helmut;0;0,00;10;Ing. Mag. Anzengruber Johannes;59;17,88;11;Veber Franz Christian;1;0,30;12;Buchacher Helmut;0;0,00;13;Tomedi Pia;9;2,73;
701;Innsbruck-Stadt;70101;Innsbruck;70;;360;;359;1;1;Willi Georg;112;31,20;2;Lassenberger Markus;38;10,58;3;Tursky Florian, MSc, MBA;31;8,64;4;Mag. Seidl Julia;9;2,51;5;Dr. Haselwanter-Schneider Andrea;14;3,90;6;Depaoli Gerald;6;1,67;7;Onay Mesut;8;2,23;8;Mag.a Mayr Elisabeth;72;20,06;9;Reichholf Helmut;0;0,00;10;Ing. Mag. Anzengruber Johannes;45;12,53;11;Veber Franz Christian;4;1,11;12;Buchacher Helmut;0;0,00;13;Tomedi Pia;20;5,57;
701;Innsbruck-Stadt;70101;Innsbruck;71;;301;;293;8;1;Willi Georg;75;25,60;2;Lassenberger Markus;56;19,11;3;Tursky Florian, MSc, MBA;28;9,56;4;Mag. Seidl Julia;5;1,71;5;Dr. Haselwanter-Schneider Andrea;15;5,12;6;Depaoli Gerald;5;1,71;7;Onay Mesut;4;1,37;8;Mag.a Mayr Elisabeth;62;21,16;9;Reichholf Helmut;1;0,34;10;Ing. Mag. Anzengruber Johannes;34;11,60;11;Veber Franz Christian;0;0,00;12;Buchacher Helmut;0;0,00;13;Tomedi Pia;8;2,73;
701;Innsbruck-Stadt;70101;Innsbruck;72;;474;;467;7;1;Willi Georg;92;19,70;2;Lassenberger Markus;64;13,70;3;Tursky Florian, MSc, MBA;47;10,06;4;Mag. Seidl Julia;7;1,50;5;Dr. Haselwanter-Schneider Andrea;24;5,14;6;Depaoli Gerald;17;3,64;7;Onay Mesut;5;1,07;8;Mag.a Mayr Elisabeth;93;19,91;9;Reichholf Helmut;3;0,64;10;Ing. Mag. Anzengruber Johannes;90;19,27;11;Veber Franz Christian;1;0,21;12;Buchacher Helmut;2;0,43;13;Tomedi Pia;22;4,71;
701;Innsbruck-Stadt;70101;Innsbruck;73;;362;;352;10;1;Willi Georg;110;31,25;2;Lassenberger Markus;38;10,80;3;Tursky Florian, MSc, MBA;23;6,53;4;Mag. Seidl Julia;8;2,27;5;Dr. Haselwanter-Schneider Andrea;14;3,98;6;Depaoli Gerald;11;3,13;7;Onay Mesut;7;1,99;8;Mag.a Mayr Elisabeth;56;15,91;9;Reichholf Helmut;2;0,57;10;Ing. Mag. Anzengruber Johannes;64;18,18;11;Veber Franz Christian;1;0,28;12;Buchacher Helmut;0;0,00;13;Tomedi Pia;18;5,11;
701;Innsbruck-Stadt;70101;Innsbruck;74;;293;;280;13;1;Willi Georg;60;21,43;2;Lassenberger Markus;41;14,64;3;Tursky Florian, MSc, MBA;25;8,93;4;Mag. Seidl Julia;2;0,71;5;Dr. Haselwanter-Schneider Andrea;11;3,93;6;Depaoli Gerald;7;2,50;7;Onay Mesut;6;2,14;8;Mag.a Mayr Elisabeth;54;19,29;9;Reichholf Helmut;1;0,36;10;Ing. Mag. Anzengruber Johannes;59;21,07;11;Veber Franz Christian;0;0,00;12;Buchacher Helmut;3;1,07;13;Tomedi Pia;11;3,93;
701;Innsbruck-Stadt;70101;Innsbruck;75;;262;;256;6;1;Willi Georg;75;29,30;2;Lassenberger Markus;32;12,50;3;Tursky Florian, MSc, MBA;52;20,31;4;Mag. Seidl Julia;4;1,56;5;Dr. Haselwanter-Schneider Andrea;7;2,73;6;Depaoli Gerald;3;1,17;7;Onay Mesut;4;1,56;8;Mag.a Mayr Elisabeth;18;7,03;9;Reichholf Helmut;3;1,17;10;Ing. Mag. Anzengruber Johannes;46;17,97;11;Veber Franz Christian;1;0,39;12;Buchacher Helmut;1;0,39;13;Tomedi Pia;10;3,91;
701;Innsbruck-Stadt;70101;Innsbruck;80;;310;;300;10;1;Willi Georg;23;7,67;2;Lassenberger Markus;77;25,67;3;Tursky Florian, MSc, MBA;18;6,00;4;Mag. Seidl Julia;5;1,67;5;Dr. Haselwanter-Schneider Andrea;6;2,00;6;Depaoli Gerald;15;5,00;7;Onay Mesut;11;3,67;8;Mag.a Mayr Elisabeth;65;21,67;9;Reichholf Helmut;3;1,00;10;Ing. Mag. Anzengruber Johannes;65;21,67;11;Veber Franz Christian;0;0,00;12;Buchacher Helmut;0;0,00;13;Tomedi Pia;12;4,00;
701;Innsbruck-Stadt;70101;Innsbruck;81;;128;;124;4;1;Willi Georg;19;15,32;2;Lassenberger Markus;32;25,81;3;Tursky Florian, MSc, MBA;15;12,10;4;Mag. Seidl Julia;1;0,81;5;Dr. Haselwanter-Schneider Andrea;3;2,42;6;Depaoli Gerald;4;3,23;7;Onay Mesut;3;2,42;8;Mag.a Mayr Elisabeth;20;16,13;9;Reichholf Helmut;1;0,81;10;Ing. Mag. Anzengruber Johannes;19;15,32;11;Veber Franz Christian;0;0,00;12;Buchacher Helmut;2;1,61;13;Tomedi Pia;5;4,03;
701;Innsbruck-Stadt;70101;Innsbruck;100;;328;;324;4;1;Willi Georg;98;30,25;2;Lassenberger Markus;21;6,48;3;Tursky Florian, MSc, MBA;36;11,11;4;Mag. Seidl Julia;19;5,86;5;Dr. Haselwanter-Schneider Andrea;9;2,78;6;Depaoli Gerald;3;0,93;7;Onay Mesut;7;2,16;8;Mag.a Mayr Elisabeth;71;21,91;9;Reichholf Helmut;2;0,62;10;Ing. Mag. Anzengruber Johannes;37;11,42;11;Veber Franz Christian;1;0,31;12;Buchacher Helmut;0;0,00;13;Tomedi Pia;20;6,17;
701;Innsbruck-Stadt;70101;Innsbruck;101;;312;;301;11;1;Willi Georg;113;37,54;2;Lassenberger Markus;31;10,30;3;Tursky Florian, MSc, MBA;33;10,96;4;Mag. Seidl Julia;0;0,00;5;Dr. Haselwanter-Schneider Andrea;10;3,32;6;Depaoli Gerald;3;1,00;7;Onay Mesut;7;2,33;8;Mag.a Mayr Elisabeth;47;15,61;9;Reichholf Helmut;2;0,66;10;Ing. Mag. Anzengruber Johannes;41;13,62;11;Veber Franz Christian;1;0,33;12;Buchacher Helmut;1;0,33;13;Tomedi Pia;12;3,99;
701;Innsbruck-Stadt;70101;Innsbruck;102;;305;;298;7;1;Willi Georg;90;30,20;2;Lassenberger Markus;26;8,72;3;Tursky Florian, MSc, MBA;46;15,44;4;Mag. Seidl Julia;8;2,68;5;Dr. Haselwanter-Schneider Andrea;11;3,69;6;Depaoli Gerald;2;0,67;7;Onay Mesut;6;2,01;8;Mag.a Mayr Elisabeth;48;16,11;9;Reichholf Helmut;2;0,67;10;Ing. Mag. Anzengruber Johannes;28;9,40;11;Veber Franz Christian;0;0,00;12;Buchacher Helmut;2;0,67;13;Tomedi Pia;29;9,73;
701;Innsbruck-Stadt;70101;Innsbruck;103;;276;;269;7;1;Willi Georg;77;28,62;2;Lassenberger Markus;27;10,04;3;Tursky Florian, MSc, MBA;24;8,92;4;Mag. Seidl Julia;11;4,09;5;Dr. Haselwanter-Schneider Andrea;11;4,09;6;Depaoli Gerald;2;0,74;7;Onay Mesut;8;2,97;8;Mag.a Mayr Elisabeth;60;22,30;9;Reichholf Helmut;1;0,37;10;Ing. Mag. Anzengruber Johannes;22;8,18;11;Veber Franz Christian;0;0,00;12;Buchacher Helmut;1;0,37;13;Tomedi Pia;25;9,29;
701;Innsbruck-Stadt;70101;Innsbruck;104;;235;;231;4;1;Willi Georg;62;26,84;2;Lassenberger Markus;32;13,85;3;Tursky Florian, MSc, MBA;32;13,85;4;Mag. Seidl Julia;4;1,73;5;Dr. Haselwanter-Schneider Andrea;11;4,76;6;Depaoli Gerald;2;0,87;7;Onay Mesut;8;3,46;8;Mag.a Mayr Elisabeth;34;14,72;9;Reichholf Helmut;0;0,00;10;Ing. Mag. Anzengruber Johannes;29;12,55;11;Veber Franz Christian;2;0,87;12;Buchacher Helmut;0;0,00;13;Tomedi Pia;15;6,49;
701;Innsbruck-Stadt;70101;Innsbruck;110;;368;;365;3;1;Willi Georg;130;35,62;2;Lassenberger Markus;29;7,95;3;Tursky Florian, MSc, MBA;36;9,86;4;Mag. Seidl Julia;13;3,56;5;Dr. Haselwanter-Schneider Andrea;12;3,29;6;Depaoli Gerald;2;0,55;7;Onay Mesut;17;4,66;8;Mag.a Mayr Elisabeth;63;17,26;9;Reichholf Helmut;0;0,00;10;Ing. Mag. Anzengruber Johannes;41;11,23;11;Veber Franz Christian;1;0,27;12;Buchacher Helmut;0;0,00;13;Tomedi Pia;21;5,75;
701;Innsbruck-Stadt;70101;Innsbruck;111;;342;;336;6;1;Willi Georg;98;29,17;2;Lassenberger Markus;38;11,31;3;Tursky Florian, MSc, MBA;23;6,85;4;Mag. Seidl Julia;8;2,38;5;Dr. Haselwanter-Schneider Andrea;17;5,06;6;Depaoli Gerald;6;1,79;7;Onay Mesut;7;2,08;8;Mag.a Mayr Elisabeth;71;21,13;9;Reichholf Helmut;1;0,30;10;Ing. Mag. Anzengruber Johannes;39;11,61;11;Veber Franz Christian;5;1,49;12;Buchacher Helmut;5;1,49;13;Tomedi Pia;18;5,36;
701;Innsbruck-Stadt;70101;Innsbruck;112;;378;;371;7;1;Willi Georg;131;35,31;2;Lassenberger Markus;34;9,16;3;Tursky Florian, MSc, MBA;33;8,89;4;Mag. Seidl Julia;11;2,96;5;Dr. Haselwanter-Schneider Andrea;16;4,31;6;Depaoli Gerald;1;0,27;7;Onay Mesut;11;2,96;8;Mag.a Mayr Elisabeth;59;15,90;9;Reichholf Helmut;1;0,27;10;Ing. Mag. Anzengruber Johannes;55;14,82;11;Veber Franz Christian;0;0,00;12;Buchacher Helmut;1;0,27;13;Tomedi Pia;18;4,85;
701;Innsbruck-Stadt;70101;Innsbruck;113;;316;;307;9;1;Willi Georg;123;40,07;2;Lassenberger Markus;25;8,14;3;Tursky Florian, MSc, MBA;29;9,45;4;Mag. Seidl Julia;14;4,56;5;Dr. Haselwanter-Schneider Andrea;18;5,86;6;Depaoli Gerald;0;0,00;7;Onay Mesut;10;3,26;8;Mag.a Mayr Elisabeth;53;17,26;9;Reichholf Helmut;1;0,33;10;Ing. Mag. Anzengruber Johannes;21;6,84;11;Veber Franz Christian;0;0,00;12;Buchacher Helmut;0;0,00;13;Tomedi Pia;13;4,23;
701;Innsbruck-Stadt;70101;Innsbruck;114;;387;;380;7;1;Willi Georg;143;37,63;2;Lassenberger Markus;37;9,74;3;Tursky Florian, MSc, MBA;25;6,58;4;Mag. Seidl Julia;11;2,89;5;Dr. Haselwanter-Schneider Andrea;13;3,42;6;Depaoli Gerald;4;1,05;7;Onay Mesut;14;3,68;8;Mag.a Mayr Elisabeth;69;18,16;9;Reichholf Helmut;2;0,53;10;Ing. Mag. Anzengruber Johannes;33;8,68;11;Veber Franz Christian;3;0,79;12;Buchacher Helmut;4;1,05;13;Tomedi Pia;22;5,79;
701;Innsbruck-Stadt;70101;Innsbruck;115;;310;;295;15;1;Willi Georg;77;26,10;2;Lassenberger Markus;60;20,34;3;Tursky Florian, MSc, MBA;18;6,10;4;Mag. Seidl Julia;4;1,36;5;Dr. Haselwanter-Schneider Andrea;17;5,76;6;Depaoli Gerald;7;2,37;7;Onay Mesut;9;3,05;8;Mag.a Mayr Elisabeth;44;14,92;9;Reichholf Helmut;0;0,00;10;Ing. Mag. Anzengruber Johannes;36;12,20;11;Veber Franz Christian;0;0,00;12;Buchacher Helmut;2;0,68;13;Tomedi Pia;21;7,12;
701;Innsbruck-Stadt;70101;Innsbruck;120;;281;;271;10;1;Willi Georg;58;21,40;2;Lassenberger Markus;46;16,97;3;Tursky Florian, MSc, MBA;51;18,82;4;Mag. Seidl Julia;5;1,85;5;Dr. Haselwanter-Schneider Andrea;14;5,17;6;Depaoli Gerald;0;0,00;7;Onay Mesut;3;1,11;8;Mag.a Mayr Elisabeth;33;12,18;9;Reichholf Helmut;0;0,00;10;Ing. Mag. Anzengruber Johannes;48;17,71;11;Veber Franz Christian;0;0,00;12;Buchacher Helmut;1;0,37;13;Tomedi Pia;12;4,43;
701;Innsbruck-Stadt;70101;Innsbruck;130;;239;;235;4;1;Willi Georg;88;37,45;2;Lassenberger Markus;17;7,23;3;Tursky Florian, MSc, MBA;15;6,38;4;Mag. Seidl Julia;6;2,55;5;Dr. Haselwanter-Schneider Andrea;11;4,68;6;Depaoli Gerald;4;1,70;7;Onay Mesut;11;4,68;8;Mag.a Mayr Elisabeth;37;15,74;9;Reichholf Helmut;0;0,00;10;Ing. Mag. Anzengruber Johannes;25;10,64;11;Veber Franz Christian;0;0,00;12;Buchacher Helmut;3;1,28;13;Tomedi Pia;18;7,66;
701;Innsbruck-Stadt;70101;Innsbruck;131;;310;;299;11;1;Willi Georg;61;20,40;2;Lassenberger Markus;59;19,73;3;Tursky Florian, MSc, MBA;25;8,36;4;Mag. Seidl Julia;3;1,00;5;Dr. Haselwanter-Schneider Andrea;10;3,34;6;Depaoli Gerald;10;3,34;7;Onay Mesut;12;4,01;8;Mag.a Mayr Elisabeth;55;18,39;9;Reichholf Helmut;1;0,33;10;Ing. Mag. Anzengruber Johannes;47;15,72;11;Veber Franz Christian;1;0,33;12;Buchacher Helmut;2;0,67;13;Tomedi Pia;13;4,35;
701;Innsbruck-Stadt;70101;Innsbruck;132;;179;;173;6;1;Willi Georg;42;24,28;2;Lassenberger Markus;25;14,45;3;Tursky Florian, MSc, MBA;21;12,14;4;Mag. Seidl Julia;4;2,31;5;Dr. Haselwanter-Schneider Andrea;3;1,73;6;Depaoli Gerald;3;1,73;7;Onay Mesut;9;5,20;8;Mag.a Mayr Elisabeth;28;16,18;9;Reichholf Helmut;2;1,16;10;Ing. Mag. Anzengruber Johannes;20;11,56;11;Veber Franz Christian;1;0,58;12;Buchacher Helmut;0;0,00;13;Tomedi Pia;15;8,67;
701;Innsbruck-Stadt;70101;Innsbruck;133;;280;;267;13;1;Willi Georg;13;4,87;2;Lassenberger Markus;57;21,35;3;Tursky Florian, MSc, MBA;17;6,37;4;Mag. Seidl Julia;2;0,75;5;Dr. Haselwanter-Schneider Andrea;17;6,37;6;Depaoli Gerald;7;2,62;7;Onay Mesut;4;1,50;8;Mag.a Mayr Elisabeth;86;32,21;9;Reichholf Helmut;2;0,75;10;Ing. Mag. Anzengruber Johannes;53;19,85;11;Veber Franz Christian;0;0,00;12;Buchacher Helmut;1;0,37;13;Tomedi Pia;8;3,00;
701;Innsbruck-Stadt;70101;Innsbruck;140;;446;;434;12;1;Willi Georg;52;11,98;2;Lassenberger Markus;78;17,97;3;Tursky Florian, MSc, MBA;51;11,75;4;Mag. Seidl Julia;9;2,07;5;Dr. Haselwanter-Schneider Andrea;37;8,53;6;Depaoli Gerald;8;1,84;7;Onay Mesut;5;1,15;8;Mag.a Mayr Elisabeth;42;9,68;9;Reichholf Helmut;7;1,61;10;Ing. Mag. Anzengruber Johannes;132;30,41;11;Veber Franz Christian;2;0,46;12;Buchacher Helmut;0;0,00;13;Tomedi Pia;11;2,53;
701;Innsbruck-Stadt;70101;Innsbruck;150;;289;;286;3;1;Willi Georg;56;19,58;2;Lassenberger Markus;35;12,24;3;Tursky Florian, MSc, MBA;44;15,38;4;Mag. Seidl Julia;11;3,85;5;Dr. Haselwanter-Schneider Andrea;22;7,69;6;Depaoli Gerald;2;0,70;7;Onay Mesut;4;1,40;8;Mag.a Mayr Elisabeth;30;10,49;9;Reichholf Helmut;6;2,10;10;Ing. Mag. Anzengruber Johannes;64;22,38;11;Veber Franz Christian;1;0,35;12;Buchacher Helmut;0;0,00;13;Tomedi Pia;11;3,85;
701;Innsbruck-Stadt;70101;Innsbruck;151;;295;;288;7;1;Willi Georg;32;11,11;2;Lassenberger Markus;60;20,83;3;Tursky Florian, MSc, MBA;31;10,76;4;Mag. Seidl Julia;7;2,43;5;Dr. Haselwanter-Schneider Andrea;19;6,60;6;Depaoli Gerald;3;1,04;7;Onay Mesut;9;3,13;8;Mag.a Mayr Elisabeth;41;14,24;9;Reichholf Helmut;0;0,00;10;Ing. Mag. Anzengruber Johannes;73;25,35;11;Veber Franz Christian;1;0,35;12;Buchacher Helmut;0;0,00;13;Tomedi Pia;12;4,17;
701;Innsbruck-Stadt;70101;Innsbruck;200;;339;;331;8;1;Willi Georg;82;24,77;2;Lassenberger Markus;64;19,34;3;Tursky Florian, MSc, MBA;35;10,57;4;Mag. Seidl Julia;4;1,21;5;Dr. Haselwanter-Schneider Andrea;13;3,93;6;Depaoli Gerald;4;1,21;7;Onay Mesut;5;1,51;8;Mag.a Mayr Elisabeth;53;16,01;9;Reichholf Helmut;1;0,30;10;Ing. Mag. Anzengruber Johannes;61;18,43;11;Veber Franz Christian;0;0,00;12;Buchacher Helmut;1;0,30;13;Tomedi Pia;8;2,42;
701;Innsbruck-Stadt;70101;Innsbruck;201;;267;;260;7;1;Willi Georg;55;21,15;2;Lassenberger Markus;40;15,38;3;Tursky Florian, MSc, MBA;28;10,77;4;Mag. Seidl Julia;4;1,54;5;Dr. Haselwanter-Schneider Andrea;17;6,54;6;Depaoli Gerald;11;4,23;7;Onay Mesut;3;1,15;8;Mag.a Mayr Elisabeth;45;17,31;9;Reichholf Helmut;1;0,38;10;Ing. Mag. Anzengruber Johannes;46;17,69;11;Veber Franz Christian;1;0,38;12;Buchacher Helmut;0;0,00;13;Tomedi Pia;9;3,46;
701;Innsbruck-Stadt;70101;Innsbruck;202;;243;;236;7;1;Willi Georg;49;20,76;2;Lassenberger Markus;30;12,71;3;Tursky Florian, MSc, MBA;24;10,17;4;Mag. Seidl Julia;2;0,85;5;Dr. Haselwanter-Schneider Andrea;6;2,54;6;Depaoli Gerald;8;3,39;7;Onay Mesut;8;3,39;8;Mag.a Mayr Elisabeth;40;16,95;9;Reichholf Helmut;0;0,00;10;Ing. Mag. Anzengruber Johannes;51;21,61;11;Veber Franz Christian;1;0,42;12;Buchacher Helmut;3;1,27;13;Tomedi Pia;14;5,93;
701;Innsbruck-Stadt;70101;Innsbruck;203;;266;;260;6;1;Willi Georg;17;6,54;2;Lassenberger Markus;64;24,62;3;Tursky Florian, MSc, MBA;23;8,85;4;Mag. Seidl Julia;2;0,77;5;Dr. Haselwanter-Schneider Andrea;8;3,08;6;Depaoli Gerald;17;6,54;7;Onay Mesut;6;2,31;8;Mag.a Mayr Elisabeth;53;20,38;9;Reichholf Helmut;1;0,38;10;Ing. Mag. Anzengruber Johannes;58;22,31;11;Veber Franz Christian;1;0,38;12;Buchacher Helmut;2;0,77;13;Tomedi Pia;8;3,08;
701;Innsbruck-Stadt;70101;Innsbruck;210;;371;;357;14;1;Willi Georg;75;21,01;2;Lassenberger Markus;67;18,77;3;Tursky Florian, MSc, MBA;33;9,24;4;Mag. Seidl Julia;5;1,40;5;Dr. Haselwanter-Schneider Andrea;17;4,76;6;Depaoli Gerald;6;1,68;7;Onay Mesut;4;1,12;8;Mag.a Mayr Elisabeth;74;20,73;9;Reichholf Helmut;1;0,28;10;Ing. Mag. Anzengruber Johannes;54;15,13;11;Veber Franz Christian;0;0,00;12;Buchacher Helmut;2;0,56;13;Tomedi Pia;19;5,32;
701;Innsbruck-Stadt;70101;Innsbruck;211;;308;;304;4;1;Willi Georg;87;28,62;2;Lassenberger Markus;43;14,14;3;Tursky Florian, MSc, MBA;29;9,54;4;Mag. Seidl Julia;5;1,64;5;Dr. Haselwanter-Schneider Andrea;13;4,28;6;Depaoli Gerald;8;2,63;7;Onay Mesut;10;3,29;8;Mag.a Mayr Elisabeth;49;16,12;9;Reichholf Helmut;0;0,00;10;Ing. Mag. Anzengruber Johannes;47;15,46;11;Veber Franz Christian;0;0,00;12;Buchacher Helmut;0;0,00;13;Tomedi Pia;13;4,28;
701;Innsbruck-Stadt;70101;Innsbruck;212;;279;;270;9;1;Willi Georg;48;17,78;2;Lassenberger Markus;61;22,59;3;Tursky Florian, MSc, MBA;25;9,26;4;Mag. Seidl Julia;2;0,74;5;Dr. Haselwanter-Schneider Andrea;9;3,33;6;Depaoli Gerald;9;3,33;7;Onay Mesut;12;4,44;8;Mag.a Mayr Elisabeth;44;16,30;9;Reichholf Helmut;2;0,74;10;Ing. Mag. Anzengruber Johannes;44;16,30;11;Veber Franz Christian;0;0,00;12;Buchacher Helmut;1;0,37;13;Tomedi Pia;13;4,81;
701;Innsbruck-Stadt;70101;Innsbruck;213;;166;;157;9;1;Willi Georg;10;6,37;2;Lassenberger Markus;59;37,58;3;Tursky Florian, MSc, MBA;14;8,92;4;Mag. Seidl Julia;1;0,64;5;Dr. Haselwanter-Schneider Andrea;7;4,46;6;Depaoli Gerald;6;3,82;7;Onay Mesut;0;0,00;8;Mag.a Mayr Elisabeth;17;10,83;9;Reichholf Helmut;2;1,27;10;Ing. Mag. Anzengruber Johannes;30;19,11;11;Veber Franz Christian;0;0,00;12;Buchacher Helmut;0;0,00;13;Tomedi Pia;11;7,01;
701;Innsbruck-Stadt;70101;Innsbruck;214;;346;;339;7;1;Willi Georg;90;26,55;2;Lassenberger Markus;46;13,57;3;Tursky Florian, MSc, MBA;25;7,37;4;Mag. Seidl Julia;6;1,77;5;Dr. Haselwanter-Schneider Andrea;11;3,24;6;Depaoli Gerald;9;2,65;7;Onay Mesut;9;2,65;8;Mag.a Mayr Elisabeth;80;23,60;9;Reichholf Helmut;1;0,29;10;Ing. Mag. Anzengruber Johannes;47;13,86;11;Veber Franz Christian;0;0,00;12;Buchacher Helmut;2;0,59;13;Tomedi Pia;13;3,83;
701;Innsbruck-Stadt;70101;Innsbruck;215;;310;;280;30;1;Willi Georg;70;25,00;2;Lassenberger Markus;44;15,71;3;Tursky Florian, MSc, MBA;24;8,57;4;Mag. Seidl Julia;4;1,43;5;Dr. Haselwanter-Schneider Andrea;2;0,71;6;Depaoli Gerald;4;1,43;7;Onay Mesut;9;3,21;8;Mag.a Mayr Elisabeth;44;15,71;9;Reichholf Helmut;4;1,43;10;Ing. Mag. Anzengruber Johannes;55;19,64;11;Veber Franz Christian;0;0,00;12;Buchacher Helmut;1;0,36;13;Tomedi Pia;19;6,79;
701;Innsbruck-Stadt;70101;Innsbruck;220;;190;;175;15;1;Willi Georg;20;11,43;2;Lassenberger Markus;51;29,14;3;Tursky Florian, MSc, MBA;12;6,86;4;Mag. Seidl Julia;2;1,14;5;Dr. Haselwanter-Schneider Andrea;8;4,57;6;Depaoli Gerald;7;4,00;7;Onay Mesut;5;2,86;8;Mag.a Mayr Elisabeth;31;17,71;9;Reichholf Helmut;3;1,71;10;Ing. Mag. Anzengruber Johannes;26;14,86;11;Veber Franz Christian;1;0,57;12;Buchacher Helmut;0;0,00;13;Tomedi Pia;9;5,14;
701;Innsbruck-Stadt;70101;Innsbruck;221;;236;;234;2;1;Willi Georg;24;10,26;2;Lassenberger Markus;88;37,61;3;Tursky Florian, MSc, MBA;26;11,11;4;Mag. Seidl Julia;0;0,00;5;Dr. Haselwanter-Schneider Andrea;12;5,13;6;Depaoli Gerald;4;1,71;7;Onay Mesut;3;1,28;8;Mag.a Mayr Elisabeth;33;14,10;9;Reichholf Helmut;0;0,00;10;Ing. Mag. Anzengruber Johannes;32;13,68;11;Veber Franz Christian;2;0,85;12;Buchacher Helmut;0;0,00;13;Tomedi Pia;10;4,27;
701;Innsbruck-Stadt;70101;Innsbruck;222;;430;;421;9;1;Willi Georg;73;17,34;2;Lassenberger Markus;94;22,33;3;Tursky Florian, MSc, MBA;35;8,31;4;Mag. Seidl Julia;4;0,95;5;Dr. Haselwanter-Schneider Andrea;20;4,75;6;Depaoli Gerald;17;4,04;7;Onay Mesut;10;2,38;8;Mag.a Mayr Elisabeth;64;15,20;9;Reichholf Helmut;1;0,24;10;Ing. Mag. Anzengruber Johannes;80;19,00;11;Veber Franz Christian;5;1,19;12;Buchacher Helmut;0;0,00;13;Tomedi Pia;18;4,28;
701;Innsbruck-Stadt;70101;Innsbruck;223;;406;;391;15;1;Willi Georg;41;10,49;2;Lassenberger Markus;113;28,90;3;Tursky Florian, MSc, MBA;33;8,44;4;Mag. Seidl Julia;3;0,77;5;Dr. Haselwanter-Schneider Andrea;25;6,39;6;Depaoli Gerald;18;4,60;7;Onay Mesut;8;2,05;8;Mag.a Mayr Elisabeth;64;16,37;9;Reichholf Helmut;2;0,51;10;Ing. Mag. Anzengruber Johannes;57;14,58;11;Veber Franz Christian;1;0,26;12;Buchacher Helmut;4;1,02;13;Tomedi Pia;22;5,63;
701;Innsbruck-Stadt;70101;Innsbruck;230;;307;;299;8;1;Willi Georg;67;22,41;2;Lassenberger Markus;63;21,07;3;Tursky Florian, MSc, MBA;19;6,35;4;Mag. Seidl Julia;4;1,34;5;Dr. Haselwanter-Schneider Andrea;16;5,35;6;Depaoli Gerald;10;3,34;7;Onay Mesut;2;0,67;8;Mag.a Mayr Elisabeth;54;18,06;9;Reichholf Helmut;2;0,67;10;Ing. Mag. Anzengruber Johannes;46;15,38;11;Veber Franz Christian;0;0,00;12;Buchacher Helmut;1;0,33;13;Tomedi Pia;15;5,02;
701;Innsbruck-Stadt;70101;Innsbruck;231;;326;;313;13;1;Willi Georg;47;15,02;2;Lassenberger Markus;86;27,48;3;Tursky Florian, MSc, MBA;28;8,95;4;Mag. Seidl Julia;4;1,28;5;Dr. Haselwanter-Schneider Andrea;18;5,75;6;Depaoli Gerald;6;1,92;7;Onay Mesut;13;4,15;8;Mag.a Mayr Elisabeth;39;12,46;9;Reichholf Helmut;0;0,00;10;Ing. Mag. Anzengruber Johannes;54;17,25;11;Veber Franz Christian;0;0,00;12;Buchacher Helmut;1;0,32;13;Tomedi Pia;17;5,43;
701;Innsbruck-Stadt;70101;Innsbruck;232;;302;;292;10;1;Willi Georg;49;16,78;2;Lassenberger Markus;61;20,89;3;Tursky Florian, MSc, MBA;37;12,67;4;Mag. Seidl Julia;3;1,03;5;Dr. Haselwanter-Schneider Andrea;12;4,11;6;Depaoli Gerald;3;1,03;7;Onay Mesut;8;2,74;8;Mag.a Mayr Elisabeth;47;16,10;9;Reichholf Helmut;1;0,34;10;Ing. Mag. Anzengruber Johannes;51;17,47;11;Veber Franz Christian;1;0,34;12;Buchacher Helmut;4;1,37;13;Tomedi Pia;15;5,14;
701;Innsbruck-Stadt;70101;Innsbruck;240;;250;;241;9;1;Willi Georg;39;16,18;2;Lassenberger Markus;61;25,31;3;Tursky Florian, MSc, MBA;24;9,96;4;Mag. Seidl Julia;11;4,56;5;Dr. Haselwanter-Schneider Andrea;9;3,73;6;Depaoli Gerald;8;3,32;7;Onay Mesut;6;2,49;8;Mag.a Mayr Elisabeth;33;13,69;9;Reichholf Helmut;1;0,41;10;Ing. Mag. Anzengruber Johannes;32;13,28;11;Veber Franz Christian;0;0,00;12;Buchacher Helmut;3;1,24;13;Tomedi Pia;14;5,81;
701;Innsbruck-Stadt;70101;Innsbruck;241;;266;;259;7;1;Willi Georg;40;15,44;2;Lassenberger Markus;49;18,92;3;Tursky Florian, MSc, MBA;20;7,72;4;Mag. Seidl Julia;4;1,54;5;Dr. Haselwanter-Schneider Andrea;18;6,95;6;Depaoli Gerald;3;1,16;7;Onay Mesut;5;1,93;8;Mag.a Mayr Elisabeth;55;21,24;9;Reichholf Helmut;2;0,77;10;Ing. Mag. Anzengruber Johannes;43;16,60;11;Veber Franz Christian;1;0,39;12;Buchacher Helmut;0;0,00;13;Tomedi Pia;19;7,34;
701;Innsbruck-Stadt;70101;Innsbruck;242;;325;;316;9;1;Willi Georg;50;15,82;2;Lassenberger Markus;92;29,11;3;Tursky Florian, MSc, MBA;36;11,39;4;Mag. Seidl Julia;3;0,95;5;Dr. Haselwanter-Schneider Andrea;12;3,80;6;Depaoli Gerald;13;4,11;7;Onay Mesut;6;1,90;8;Mag.a Mayr Elisabeth;46;14,56;9;Reichholf Helmut;1;0,32;10;Ing. Mag. Anzengruber Johannes;45;14,24;11;Veber Franz Christian;2;0,63;12;Buchacher Helmut;0;0,00;13;Tomedi Pia;10;3,16;
701;Innsbruck-Stadt;70101;Innsbruck;243;;208;;202;6;1;Willi Georg;38;18,81;2;Lassenberger Markus;41;20,30;3;Tursky Florian, MSc, MBA;22;10,89;4;Mag. Seidl Julia;4;1,98;5;Dr. Haselwanter-Schneider Andrea;10;4,95;6;Depaoli Gerald;5;2,48;7;Onay Mesut;6;2,97;8;Mag.a Mayr Elisabeth;37;18,32;9;Reichholf Helmut;0;0,00;10;Ing. Mag. Anzengruber Johannes;28;13,86;11;Veber Franz Christian;2;0,99;12;Buchacher Helmut;0;0,00;13;Tomedi Pia;9;4,46;
701;Innsbruck-Stadt;70101;Innsbruck;244;;300;;279;21;1;Willi Georg;31;11,11;2;Lassenberger Markus;82;29,39;3;Tursky Florian, MSc, MBA;26;9,32;4;Mag. Seidl Julia;3;1,08;5;Dr. Haselwanter-Schneider Andrea;7;2,51;6;Depaoli Gerald;11;3,94;7;Onay Mesut;9;3,23;8;Mag.a Mayr Elisabeth;56;20,07;9;Reichholf Helmut;1;0,36;10;Ing. Mag. Anzengruber Johannes;40;14,34;11;Veber Franz Christian;1;0,36;12;Buchacher Helmut;0;0,00;13;Tomedi Pia;12;4,30;
701;Innsbruck-Stadt;70101;Innsbruck;245;;267;;258;9;1;Willi Georg;30;11,63;2;Lassenberger Markus;61;23,64;3;Tursky Florian, MSc, MBA;36;13,95;4;Mag. Seidl Julia;4;1,55;5;Dr. Haselwanter-Schneider Andrea;14;5,43;6;Depaoli Gerald;8;3,10;7;Onay Mesut;8;3,10;8;Mag.a Mayr Elisabeth;55;21,32;9;Reichholf Helmut;0;0,00;10;Ing. Mag. Anzengruber Johannes;28;10,85;11;Veber Franz Christian;1;0,39;12;Buchacher Helmut;0;0,00;13;Tomedi Pia;13;5,04;
701;Innsbruck-Stadt;70101;Innsbruck;246;;246;;234;12;1;Willi Georg;23;9,83;2;Lassenberger Markus;57;24,36;3;Tursky Florian, MSc, MBA;34;14,53;4;Mag. Seidl Julia;8;3,42;5;Dr. Haselwanter-Schneider Andrea;6;2,56;6;Depaoli Gerald;12;5,13;7;Onay Mesut;6;2,56;8;Mag.a Mayr Elisabeth;36;15,38;9;Reichholf Helmut;1;0,43;10;Ing. Mag. Anzengruber Johannes;39;16,67;11;Veber Franz Christian;0;0,00;12;Buchacher Helmut;1;0,43;13;Tomedi Pia;11;4,70;
701;Innsbruck-Stadt;70101;Innsbruck;250;;328;;315;13;1;Willi Georg;51;16,19;2;Lassenberger Markus;80;25,40;3;Tursky Florian, MSc, MBA;41;13,02;4;Mag. Seidl Julia;6;1,90;5;Dr. Haselwanter-Schneider Andrea;14;4,44;6;Depaoli Gerald;9;2,86;7;Onay Mesut;4;1,27;8;Mag.a Mayr Elisabeth;32;10,16;9;Reichholf Helmut;2;0,63;10;Ing. Mag. Anzengruber Johannes;61;19,37;11;Veber Franz Christian;0;0,00;12;Buchacher Helmut;1;0,32;13;Tomedi Pia;14;4,44;
701;Innsbruck-Stadt;70101;Innsbruck;251;;382;;368;14;1;Willi Georg;46;12,50;2;Lassenberger Markus;93;25,27;3;Tursky Florian, MSc, MBA;27;7,34;4;Mag. Seidl Julia;5;1,36;5;Dr. Haselwanter-Schneider Andrea;24;6,52;6;Depaoli Gerald;11;2,99;7;Onay Mesut;6;1,63;8;Mag.a Mayr Elisabeth;44;11,96;9;Reichholf Helmut;1;0,27;10;Ing. Mag. Anzengruber Johannes;102;27,72;11;Veber Franz Christian;0;0,00;12;Buchacher Helmut;2;0,54;13;Tomedi Pia;7;1,90;
701;Innsbruck-Stadt;70101;Innsbruck;252;;297;;267;30;1;Willi Georg;34;12,73;2;Lassenberger Markus;85;31,84;3;Tursky Florian, MSc, MBA;37;13,86;4;Mag. Seidl Julia;1;0,37;5;Dr. Haselwanter-Schneider Andrea;15;5,62;6;Depaoli Gerald;18;6,74;7;Onay Mesut;2;0,75;8;Mag.a Mayr Elisabeth;28;10,49;9;Reichholf Helmut;0;0,00;10;Ing. Mag. Anzengruber Johannes;42;15,73;11;Veber Franz Christian;1;0,37;12;Buchacher Helmut;0;0,00;13;Tomedi Pia;4;1,50;
701;Innsbruck-Stadt;70101;Innsbruck;253;;257;;248;9;1;Willi Georg;27;10,89;2;Lassenberger Markus;70;28,23;3;Tursky Florian, MSc, MBA;29;11,69;4;Mag. Seidl Julia;3;1,21;5;Dr. Haselwanter-Schneider Andrea;11;4,44;6;Depaoli Gerald;11;4,44;7;Onay Mesut;9;3,63;8;Mag.a Mayr Elisabeth;27;10,89;9;Reichholf Helmut;1;0,40;10;Ing. Mag. Anzengruber Johannes;51;20,56;11;Veber Franz Christian;3;1,21;12;Buchacher Helmut;0;0,00;13;Tomedi Pia;6;2,42;
701;Innsbruck-Stadt;70101;Innsbruck;254;;398;;379;19;1;Willi Georg;57;15,04;2;Lassenberger Markus;92;24,27;3;Tursky Florian, MSc, MBA;48;12,66;4;Mag. Seidl Julia;6;1,58;5;Dr. Haselwanter-Schneider Andrea;11;2,90;6;Depaoli Gerald;13;3,43;7;Onay Mesut;8;2,11;8;Mag.a Mayr Elisabeth;54;14,25;9;Reichholf Helmut;2;0,53;10;Ing. Mag. Anzengruber Johannes;72;19,00;11;Veber Franz Christian;2;0,53;12;Buchacher Helmut;0;0,00;13;Tomedi Pia;14;3,69;
701;Innsbruck-Stadt;70101;Innsbruck;255;;325;;309;16;1;Willi Georg;21;6,80;2;Lassenberger Markus;88;28,48;3;Tursky Florian, MSc, MBA;29;9,39;4;Mag. Seidl Julia;1;0,32;5;Dr. Haselwanter-Schneider Andrea;10;3,24;6;Depaoli Gerald;21;6,80;7;Onay Mesut;5;1,62;8;Mag.a Mayr Elisabeth;42;13,59;9;Reichholf Helmut;1;0,32;10;Ing. Mag. Anzengruber Johannes;70;22,65;11;Veber Franz Christian;0;0,00;12;Buchacher Helmut;0;0,00;13;Tomedi Pia;21;6,80;
701;Innsbruck-Stadt;70101;Innsbruck;256;;336;;318;18;1;Willi Georg;21;6,60;2;Lassenberger Markus;71;22,33;3;Tursky Florian, MSc, MBA;37;11,64;4;Mag. Seidl Julia;4;1,26;5;Dr. Haselwanter-Schneider Andrea;33;10,38;6;Depaoli Gerald;4;1,26;7;Onay Mesut;8;2,52;8;Mag.a Mayr Elisabeth;47;14,78;9;Reichholf Helmut;3;0,94;10;Ing. Mag. Anzengruber Johannes;78;24,53;11;Veber Franz Christian;0;0,00;12;Buchacher Helmut;4;1,26;13;Tomedi Pia;8;2,52;
701;Innsbruck-Stadt;70101;Innsbruck;257;;388;;370;18;1;Willi Georg;42;11,35;2;Lassenberger Markus;81;21,89;3;Tursky Florian, MSc, MBA;36;9,73;4;Mag. Seidl Julia;2;0,54;5;Dr. Haselwanter-Schneider Andrea;13;3,51;6;Depaoli Gerald;13;3,51;7;Onay Mesut;16;4,32;8;Mag.a Mayr Elisabeth;70;18,92;9;Reichholf Helmut;0;0,00;10;Ing. Mag. Anzengruber Johannes;74;20,00;11;Veber Franz Christian;0;0,00;12;Buchacher Helmut;1;0,27;13;Tomedi Pia;22;5,95;
701;Innsbruck-Stadt;70101;Innsbruck;260;;422;;395;27;1;Willi Georg;32;8,10;2;Lassenberger Markus;119;30,13;3;Tursky Florian, MSc, MBA;35;8,86;4;Mag. Seidl Julia;3;0,76;5;Dr. Haselwanter-Schneider Andrea;21;5,32;6;Depaoli Gerald;18;4,56;7;Onay Mesut;16;4,05;8;Mag.a Mayr Elisabeth;51;12,91;9;Reichholf Helmut;1;0,25;10;Ing. Mag. Anzengruber Johannes;79;20,00;11;Veber Franz Christian;2;0,51;12;Buchacher Helmut;3;0,76;13;Tomedi Pia;15;3,80;
701;Innsbruck-Stadt;70101;Innsbruck;261;;241;;226;15;1;Willi Georg;20;8,85;2;Lassenberger Markus;64;28,32;3;Tursky Florian, MSc, MBA;18;7,96;4;Mag. Seidl Julia;1;0,44;5;Dr. Haselwanter-Schneider Andrea;20;8,85;6;Depaoli Gerald;13;5,75;7;Onay Mesut;3;1,33;8;Mag.a Mayr Elisabeth;29;12,83;9;Reichholf Helmut;1;0,44;10;Ing. Mag. Anzengruber Johannes;49;21,68;11;Veber Franz Christian;0;0,00;12;Buchacher Helmut;1;0,44;13;Tomedi Pia;7;3,10;
701;Innsbruck-Stadt;70101;Innsbruck;262;;302;;289;13;1;Willi Georg;46;15,92;2;Lassenberger Markus;68;23,53;3;Tursky Florian, MSc, MBA;31;10,73;4;Mag. Seidl Julia;5;1,73;5;Dr. Haselwanter-Schneider Andrea;8;2,77;6;Depaoli Gerald;5;1,73;7;Onay Mesut;12;4,15;8;Mag.a Mayr Elisabeth;42;14,53;9;Reichholf Helmut;1;0,35;10;Ing. Mag. Anzengruber Johannes;58;20,07;11;Veber Franz Christian;2;0,69;12;Buchacher Helmut;0;0,00;13;Tomedi Pia;11;3,81;
701;Innsbruck-Stadt;70101;Innsbruck;263;;308;;287;21;1;Willi Georg;33;11,50;2;Lassenberger Markus;63;21,95;3;Tursky Florian, MSc, MBA;33;11,50;4;Mag. Seidl Julia;3;1,05;5;Dr. Haselwanter-Schneider Andrea;5;1,74;6;Depaoli Gerald;11;3,83;7;Onay Mesut;8;2,79;8;Mag.a Mayr Elisabeth;55;19,16;9;Reichholf Helmut;1;0,35;10;Ing. Mag. Anzengruber Johannes;66;23,00;11;Veber Franz Christian;0;0,00;12;Buchacher Helmut;1;0,35;13;Tomedi Pia;8;2,79;
701;Innsbruck-Stadt;70101;Innsbruck;264;;283;;231;52;1;Willi Georg;20;8,66;2;Lassenberger Markus;45;19,48;3;Tursky Florian, MSc, MBA;31;13,42;4;Mag. Seidl Julia;3;1,30;5;Dr. Haselwanter-Schneider Andrea;18;7,79;6;Depaoli Gerald;12;5,19;7;Onay Mesut;4;1,73;8;Mag.a Mayr Elisabeth;38;16,45;9;Reichholf Helmut;0;0,00;10;Ing. Mag. Anzengruber Johannes;47;20,35;11;Veber Franz Christian;0;0,00;12;Buchacher Helmut;1;0,43;13;Tomedi Pia;12;5,19;
701;Innsbruck-Stadt;70101;Innsbruck;265;;334;;326;8;1;Willi Georg;39;11,96;2;Lassenberger Markus;81;24,85;3;Tursky Florian, MSc, MBA;38;11,66;4;Mag. Seidl Julia;1;0,31;5;Dr. Haselwanter-Schneider Andrea;9;2,76;6;Depaoli Gerald;10;3,07;7;Onay Mesut;5;1,53;8;Mag.a Mayr Elisabeth;72;22,09;9;Reichholf Helmut;0;0,00;10;Ing. Mag. Anzengruber Johannes;53;16,26;11;Veber Franz Christian;1;0,31;12;Buchacher Helmut;0;0,00;13;Tomedi Pia;17;5,21;
701;Innsbruck-Stadt;70101;Innsbruck;300;;416;;414;2;1;Willi Georg;121;29,23;2;Lassenberger Markus;42;10,14;3;Tursky Florian, MSc, MBA;43;10,39;4;Mag. Seidl Julia;4;0,97;5;Dr. Haselwanter-Schneider Andrea;20;4,83;6;Depaoli Gerald;9;2,17;7;Onay Mesut;6;1,45;8;Mag.a Mayr Elisabeth;59;14,25;9;Reichholf Helmut;2;0,48;10;Ing. Mag. Anzengruber Johannes;100;24,15;11;Veber Franz Christian;0;0,00;12;Buchacher Helmut;0;0,00;13;Tomedi Pia;8;1,93;
701;Innsbruck-Stadt;70101;Innsbruck;301;;332;;324;8;1;Willi Georg;84;25,93;2;Lassenberger Markus;62;19,14;3;Tursky Florian, MSc, MBA;31;9,57;4;Mag. Seidl Julia;7;2,16;5;Dr. Haselwanter-Schneider Andrea;10;3,09;6;Depaoli Gerald;13;4,01;7;Onay Mesut;4;1,23;8;Mag.a Mayr Elisabeth;34;10,49;9;Reichholf Helmut;1;0,31;10;Ing. Mag. Anzengruber Johannes;71;21,91;11;Veber Franz Christian;1;0,31;12;Buchacher Helmut;0;0,00;13;Tomedi Pia;6;1,85;
701;Innsbruck-Stadt;70101;Innsbruck;302;;523;;510;13;1;Willi Georg;135;26,47;2;Lassenberger Markus;56;10,98;3;Tursky Florian, MSc, MBA;58;11,37;4;Mag. Seidl Julia;14;2,75;5;Dr. Haselwanter-Schneider Andrea;12;2,35;6;Depaoli Gerald;6;1,18;7;Onay Mesut;11;2,16;8;Mag.a Mayr Elisabeth;75;14,71;9;Reichholf Helmut;3;0,59;10;Ing. Mag. Anzengruber Johannes;125;24,51;11;Veber Franz Christian;2;0,39;12;Buchacher Helmut;1;0,20;13;Tomedi Pia;12;2,35;
701;Innsbruck-Stadt;70101;Innsbruck;303;;385;;376;9;1;Willi Georg;114;30,32;2;Lassenberger Markus;43;11,44;3;Tursky Florian, MSc, MBA;55;14,63;4;Mag. Seidl Julia;8;2,13;5;Dr. Haselwanter-Schneider Andrea;15;3,99;6;Depaoli Gerald;4;1,06;7;Onay Mesut;6;1,60;8;Mag.a Mayr Elisabeth;52;13,83;9;Reichholf Helmut;0;0,00;10;Ing. Mag. Anzengruber Johannes;65;17,29;11;Veber Franz Christian;2;0,53;12;Buchacher Helmut;1;0,27;13;Tomedi Pia;11;2,93;
701;Innsbruck-Stadt;70101;Innsbruck;304;;447;;434;13;1;Willi Georg;149;34,33;2;Lassenberger Markus;35;8,06;3;Tursky Florian, MSc, MBA;63;14,52;4;Mag. Seidl Julia;7;1,61;5;Dr. Haselwanter-Schneider Andrea;21;4,84;6;Depaoli Gerald;4;0,92;7;Onay Mesut;7;1,61;8;Mag.a Mayr Elisabeth;56;12,90;9;Reichholf Helmut;1;0,23;10;Ing. Mag. Anzengruber Johannes;74;17,05;11;Veber Franz Christian;0;0,00;12;Buchacher Helmut;1;0,23;13;Tomedi Pia;16;3,69;
701;Innsbruck-Stadt;70101;Innsbruck;305;;469;;468;1;1;Willi Georg;170;36,32;2;Lassenberger Markus;44;9,40;3;Tursky Florian, MSc, MBA;49;10,47;4;Mag. Seidl Julia;9;1,92;5;Dr. Haselwanter-Schneider Andrea;19;4,06;6;Depaoli Gerald;6;1,28;7;Onay Mesut;6;1,28;8;Mag.a Mayr Elisabeth;63;13,46;9;Reichholf Helmut;4;0,85;10;Ing. Mag. Anzengruber Johannes;76;16,24;11;Veber Franz Christian;1;0,21;12;Buchacher Helmut;3;0,64;13;Tomedi Pia;18;3,85;
701;Innsbruck-Stadt;70101;Innsbruck;306;;246;;240;6;1;Willi Georg;86;35,83;2;Lassenberger Markus;27;11,25;3;Tursky Florian, MSc, MBA;21;8,75;4;Mag. Seidl Julia;5;2,08;5;Dr. Haselwanter-Schneider Andrea;9;3,75;6;Depaoli Gerald;5;2,08;7;Onay Mesut;6;2,50;8;Mag.a Mayr Elisabeth;42;17,50;9;Reichholf Helmut;1;0,42;10;Ing. Mag. Anzengruber Johannes;31;12,92;11;Veber Franz Christian;1;0,42;12;Buchacher Helmut;0;0,00;13;Tomedi Pia;6;2,50;
701;Innsbruck-Stadt;70101;Innsbruck;307;;309;;308;1;1;Willi Georg;90;29,22;2;Lassenberger Markus;49;15,91;3;Tursky Florian, MSc, MBA;33;10,71;4;Mag. Seidl Julia;6;1,95;5;Dr. Haselwanter-Schneider Andrea;12;3,90;6;Depaoli Gerald;2;0,65;7;Onay Mesut;10;3,25;8;Mag.a Mayr Elisabeth;49;15,91;9;Reichholf Helmut;2;0,65;10;Ing. Mag. Anzengruber Johannes;41;13,31;11;Veber Franz Christian;1;0,32;12;Buchacher Helmut;0;0,00;13;Tomedi Pia;13;4,22;
701;Innsbruck-Stadt;70101;Innsbruck;310;;543;;537;6;1;Willi Georg;138;25,70;2;Lassenberger Markus;80;14,90;3;Tursky Florian, MSc, MBA;60;11,17;4;Mag. Seidl Julia;5;0,93;5;Dr. Haselwanter-Schneider Andrea;14;2,61;6;Depaoli Gerald;4;0,74;7;Onay Mesut;9;1,68;8;Mag.a Mayr Elisabeth;59;10,99;9;Reichholf Helmut;1;0,19;10;Ing. Mag. Anzengruber Johannes;157;29,24;11;Veber Franz Christian;0;0,00;12;Buchacher Helmut;0;0,00;13;Tomedi Pia;10;1,86;
701;Innsbruck-Stadt;70101;Innsbruck;320;;208;;204;4;1;Willi Georg;50;24,51;2;Lassenberger Markus;18;8,82;3;Tursky Florian, MSc, MBA;25;12,25;4;Mag. Seidl Julia;5;2,45;5;Dr. Haselwanter-Schneider Andrea;6;2,94;6;Depaoli Gerald;3;1,47;7;Onay Mesut;6;2,94;8;Mag.a Mayr Elisabeth;46;22,55;9;Reichholf Helmut;1;0,49;10;Ing. Mag. Anzengruber Johannes;22;10,78;11;Veber Franz Christian;2;0,98;12;Buchacher Helmut;0;0,00;13;Tomedi Pia;20;9,80;
701;Innsbruck-Stadt;70101;Innsbruck;321;;313;;300;13;1;Willi Georg;89;29,67;2;Lassenberger Markus;33;11,00;3;Tursky Florian, MSc, MBA;26;8,67;4;Mag. Seidl Julia;7;2,33;5;Dr. Haselwanter-Schneider Andrea;15;5,00;6;Depaoli Gerald;8;2,67;7;Onay Mesut;13;4,33;8;Mag.a Mayr Elisabeth;46;15,33;9;Reichholf Helmut;3;1,00;10;Ing. Mag. Anzengruber Johannes;48;16,00;11;Veber Franz Christian;1;0,33;12;Buchacher Helmut;1;0,33;13;Tomedi Pia;10;3,33;
701;Innsbruck-Stadt;70101;Innsbruck;322;;287;;279;8;1;Willi Georg;65;23,30;2;Lassenberger Markus;31;11,11;3;Tursky Florian, MSc, MBA;27;9,68;4;Mag. Seidl Julia;9;3,23;5;Dr. Haselwanter-Schneider Andrea;12;4,30;6;Depaoli Gerald;7;2,51;7;Onay Mesut;14;5,02;8;Mag.a Mayr Elisabeth;42;15,05;9;Reichholf Helmut;2;0,72;10;Ing. Mag. Anzengruber Johannes;43;15,41;11;Veber Franz Christian;3;1,08;12;Buchacher Helmut;3;1,08;13;Tomedi Pia;21;7,53;
701;Innsbruck-Stadt;70101;Innsbruck;323;;344;;339;5;1;Willi Georg;109;32,15;2;Lassenberger Markus;46;13,57;3;Tursky Florian, MSc, MBA;16;4,72;4;Mag. Seidl Julia;12;3,54;5;Dr. Haselwanter-Schneider Andrea;16;4,72;6;Depaoli Gerald;9;2,65;7;Onay Mesut;9;2,65;8;Mag.a Mayr Elisabeth;53;15,63;9;Reichholf Helmut;4;1,18;10;Ing. Mag. Anzengruber Johannes;42;12,39;11;Veber Franz Christian;2;0,59;12;Buchacher Helmut;1;0,29;13;Tomedi Pia;20;5,90;
701;Innsbruck-Stadt;70101;Innsbruck;324;;373;;361;12;1;Willi Georg;100;27,70;2;Lassenberger Markus;52;14,40;3;Tursky Florian, MSc, MBA;34;9,42;4;Mag. Seidl Julia;9;2,49;5;Dr. Haselwanter-Schneider Andrea;15;4,16;6;Depaoli Gerald;0;0,00;7;Onay Mesut;12;3,32;8;Mag.a Mayr Elisabeth;60;16,62;9;Reichholf Helmut;4;1,11;10;Ing. Mag. Anzengruber Johannes;50;13,85;11;Veber Franz Christian;0;0,00;12;Buchacher Helmut;6;1,66;13;Tomedi Pia;19;5,26;
701;Innsbruck-Stadt;70101;Innsbruck;325;;332;;316;16;1;Willi Georg;68;21,52;2;Lassenberger Markus;54;17,09;3;Tursky Florian, MSc, MBA;33;10,44;4;Mag. Seidl Julia;3;0,95;5;Dr. Haselwanter-Schneider Andrea;10;3,16;6;Depaoli Gerald;4;1,27;7;Onay Mesut;19;6,01;8;Mag.a Mayr Elisabeth;52;16,46;9;Reichholf Helmut;2;0,63;10;Ing. Mag. Anzengruber Johannes;48;15,19;11;Veber Franz Christian;0;0,00;12;Buchacher Helmut;5;1,58;13;Tomedi Pia;18;5,70;
701;Innsbruck-Stadt;70101;Innsbruck;330;;333;;315;18;1;Willi Georg;96;30,48;2;Lassenberger Markus;28;8,89;3;Tursky Florian, MSc, MBA;28;8,89;4;Mag. Seidl Julia;7;2,22;5;Dr. Haselwanter-Schneider Andrea;11;3,49;6;Depaoli Gerald;7;2,22;7;Onay Mesut;10;3,17;8;Mag.a Mayr Elisabeth;49;15,56;9;Reichholf Helmut;2;0,63;10;Ing. Mag. Anzengruber Johannes;60;19,05;11;Veber Franz Christian;2;0,63;12;Buchacher Helmut;1;0,32;13;Tomedi Pia;14;4,44;
701;Innsbruck-Stadt;70101;Innsbruck;331;;518;;509;9;1;Willi Georg;100;19,65;2;Lassenberger Markus;73;14,34;3;Tursky Florian, MSc, MBA;51;10,02;4;Mag. Seidl Julia;18;3,54;5;Dr. Haselwanter-Schneider Andrea;39;7,66;6;Depaoli Gerald;13;2,55;7;Onay Mesut;11;2,16;8;Mag.a Mayr Elisabeth;82;16,11;9;Reichholf Helmut;4;0,79;10;Ing. Mag. Anzengruber Johannes;97;19,06;11;Veber Franz Christian;2;0,39;12;Buchacher Helmut;1;0,20;13;Tomedi Pia;18;3,54;
701;Innsbruck-Stadt;70101;Innsbruck;332;;478;;467;11;1;Willi Georg;124;26,55;2;Lassenberger Markus;43;9,21;3;Tursky Florian, MSc, MBA;53;11,35;4;Mag. Seidl Julia;1;0,21;5;Dr. Haselwanter-Schneider Andrea;19;4,07;6;Depaoli Gerald;5;1,07;7;Onay Mesut;12;2,57;8;Mag.a Mayr Elisabeth;70;14,99;9;Reichholf Helmut;2;0,43;10;Ing. Mag. Anzengruber Johannes;118;25,27;11;Veber Franz Christian;0;0,00;12;Buchacher Helmut;1;0,21;13;Tomedi Pia;19;4,07;
701;Innsbruck-Stadt;70101;Innsbruck;333;;426;;415;11;1;Willi Georg;112;26,99;2;Lassenberger Markus;47;11,33;3;Tursky Florian, MSc, MBA;39;9,40;4;Mag. Seidl Julia;10;2,41;5;Dr. Haselwanter-Schneider Andrea;25;6,02;6;Depaoli Gerald;6;1,45;7;Onay Mesut;11;2,65;8;Mag.a Mayr Elisabeth;64;15,42;9;Reichholf Helmut;2;0,48;10;Ing. Mag. Anzengruber Johannes;80;19,28;11;Veber Franz Christian;2;0,48;12;Buchacher Helmut;2;0,48;13;Tomedi Pia;15;3,61;
701;Innsbruck-Stadt;70101;Innsbruck;334;;511;;496;15;1;Willi Georg;122;24,60;2;Lassenberger Markus;69;13,91;3;Tursky Florian, MSc, MBA;47;9,48;4;Mag. Seidl Julia;16;3,23;5;Dr. Haselwanter-Schneider Andrea;24;4,84;6;Depaoli Gerald;8;1,61;7;Onay Mesut;8;1,61;8;Mag.a Mayr Elisabeth;80;16,13;9;Reichholf Helmut;0;0,00;10;Ing. Mag. Anzengruber Johannes;94;18,95;11;Veber Franz Christian;2;0,40;12;Buchacher Helmut;1;0,20;13;Tomedi Pia;25;5,04;
701;Innsbruck-Stadt;70101;Innsbruck;335;;383;;374;9;1;Willi Georg;89;23,80;2;Lassenberger Markus;42;11,23;3;Tursky Florian, MSc, MBA;48;12,83;4;Mag. Seidl Julia;17;4,55;5;Dr. Haselwanter-Schneider Andrea;15;4,01;6;Depaoli Gerald;5;1,34;7;Onay Mesut;13;3,48;8;Mag.a Mayr Elisabeth;58;15,51;9;Reichholf Helmut;0;0,00;10;Ing. Mag. Anzengruber Johannes;69;18,45;11;Veber Franz Christian;0;0,00;12;Buchacher Helmut;2;0,53;13;Tomedi Pia;16;4,28;
701;Innsbruck-Stadt;70101;Innsbruck;336;;454;;437;17;1;Willi Georg;133;30,43;2;Lassenberger Markus;67;15,33;3;Tursky Florian, MSc, MBA;51;11,67;4;Mag. Seidl Julia;7;1,60;5;Dr. Haselwanter-Schneider Andrea;20;4,58;6;Depaoli Gerald;8;1,83;7;Onay Mesut;8;1,83;8;Mag.a Mayr Elisabeth;67;15,33;9;Reichholf Helmut;2;0,46;10;Ing. Mag. Anzengruber Johannes;54;12,36;11;Veber Franz Christian;1;0,23;12;Buchacher Helmut;3;0,69;13;Tomedi Pia;16;3,66;
701;Innsbruck-Stadt;70101;Innsbruck;337;;361;;354;7;1;Willi Georg;82;23,16;2;Lassenberger Markus;66;18,64;3;Tursky Florian, MSc, MBA;24;6,78;4;Mag. Seidl Julia;3;0,85;5;Dr. Haselwanter-Schneider Andrea;26;7,34;6;Depaoli Gerald;6;1,69;7;Onay Mesut;12;3,39;8;Mag.a Mayr Elisabeth;65;18,36;9;Reichholf Helmut;1;0,28;10;Ing. Mag. Anzengruber Johannes;46;12,99;11;Veber Franz Christian;1;0,28;12;Buchacher Helmut;1;0,28;13;Tomedi Pia;21;5,93;
701;Innsbruck-Stadt;70101;Innsbruck;340;;370;;354;16;1;Willi Georg;63;17,80;2;Lassenberger Markus;70;19,77;3;Tursky Florian, MSc, MBA;35;9,89;4;Mag. Seidl Julia;7;1,98;5;Dr. Haselwanter-Schneider Andrea;13;3,67;6;Depaoli Gerald;8;2,26;7;Onay Mesut;9;2,54;8;Mag.a Mayr Elisabeth;61;17,23;9;Reichholf Helmut;1;0,28;10;Ing. Mag. Anzengruber Johannes;66;18,64;11;Veber Franz Christian;4;1,13;12;Buchacher Helmut;0;0,00;13;Tomedi Pia;17;4,80;
701;Innsbruck-Stadt;70101;Innsbruck;341;;341;;333;8;1;Willi Georg;70;21,02;2;Lassenberger Markus;52;15,62;3;Tursky Florian, MSc, MBA;28;8,41;4;Mag. Seidl Julia;9;2,70;5;Dr. Haselwanter-Schneider Andrea;22;6,61;6;Depaoli Gerald;4;1,20;7;Onay Mesut;5;1,50;8;Mag.a Mayr Elisabeth;50;15,02;9;Reichholf Helmut;5;1,50;10;Ing. Mag. Anzengruber Johannes;66;19,82;11;Veber Franz Christian;1;0,30;12;Buchacher Helmut;1;0,30;13;Tomedi Pia;20;6,01;
701;Innsbruck-Stadt;70101;Innsbruck;342;;310;;296;14;1;Willi Georg;45;15,20;2;Lassenberger Markus;66;22,30;3;Tursky Florian, MSc, MBA;32;10,81;4;Mag. Seidl Julia;0;0,00;5;Dr. Haselwanter-Schneider Andrea;19;6,42;6;Depaoli Gerald;7;2,36;7;Onay Mesut;7;2,36;8;Mag.a Mayr Elisabeth;44;14,86;9;Reichholf Helmut;0;0,00;10;Ing. Mag. Anzengruber Johannes;61;20,61;11;Veber Franz Christian;1;0,34;12;Buchacher Helmut;4;1,35;13;Tomedi Pia;10;3,38;
701;Innsbruck-Stadt;70101;Innsbruck;343;;305;;296;9;1;Willi Georg;64;21,62;2;Lassenberger Markus;42;14,19;3;Tursky Florian, MSc, MBA;35;11,82;4;Mag. Seidl Julia;4;1,35;5;Dr. Haselwanter-Schneider Andrea;22;7,43;6;Depaoli Gerald;7;2,36;7;Onay Mesut;6;2,03;8;Mag.a Mayr Elisabeth;56;18,92;9;Reichholf Helmut;2;0,68;10;Ing. Mag. Anzengruber Johannes;44;14,86;11;Veber Franz Christian;0;0,00;12;Buchacher Helmut;2;0,68;13;Tomedi Pia;12;4,05;
701;Innsbruck-Stadt;70101;Innsbruck;344;;283;;273;10;1;Willi Georg;66;24,18;2;Lassenberger Markus;42;15,38;3;Tursky Florian, MSc, MBA;35;12,82;4;Mag. Seidl Julia;5;1,83;5;Dr. Haselwanter-Schneider Andrea;10;3,66;6;Depaoli Gerald;6;2,20;7;Onay Mesut;6;2,20;8;Mag.a Mayr Elisabeth;45;16,48;9;Reichholf Helmut;0;0,00;10;Ing. Mag. Anzengruber Johannes;42;15,38;11;Veber Franz Christian;2;0,73;12;Buchacher Helmut;0;0,00;13;Tomedi Pia;14;5,13;
701;Innsbruck-Stadt;70101;Innsbruck;345;;336;;314;22;1;Willi Georg;51;16,24;2;Lassenberger Markus;71;22,61;3;Tursky Florian, MSc, MBA;34;10,83;4;Mag. Seidl Julia;7;2,23;5;Dr. Haselwanter-Schneider Andrea;12;3,82;6;Depaoli Gerald;10;3,18;7;Onay Mesut;12;3,82;8;Mag.a Mayr Elisabeth;65;20,70;9;Reichholf Helmut;2;0,64;10;Ing. Mag. Anzengruber Johannes;37;11,78;11;Veber Franz Christian;0;0,00;12;Buchacher Helmut;0;0,00;13;Tomedi Pia;13;4,14;
701;Innsbruck-Stadt;70101;Innsbruck;350;;379;;370;9;1;Willi Georg;99;26,76;2;Lassenberger Markus;55;14,86;3;Tursky Florian, MSc, MBA;43;11,62;4;Mag. Seidl Julia;11;2,97;5;Dr. Haselwanter-Schneider Andrea;17;4,59;6;Depaoli Gerald;2;0,54;7;Onay Mesut;14;3,78;8;Mag.a Mayr Elisabeth;45;12,16;9;Reichholf Helmut;2;0,54;10;Ing. Mag. Anzengruber Johannes;64;17,30;11;Veber Franz Christian;1;0,27;12;Buchacher Helmut;0;0,00;13;Tomedi Pia;17;4,59;
701;Innsbruck-Stadt;70101;Innsbruck;351;;431;;427;4;1;Willi Georg;144;33,72;2;Lassenberger Markus;42;9,84;3;Tursky Florian, MSc, MBA;60;14,05;4;Mag. Seidl Julia;12;2,81;5;Dr. Haselwanter-Schneider Andrea;26;6,09;6;Depaoli Gerald;5;1,17;7;Onay Mesut;5;1,17;8;Mag.a Mayr Elisabeth;46;10,77;9;Reichholf Helmut;3;0,70;10;Ing. Mag. Anzengruber Johannes;70;16,39;11;Veber Franz Christian;1;0,23;12;Buchacher Helmut;0;0,00;13;Tomedi Pia;13;3,04;
701;Innsbruck-Stadt;70101;Innsbruck;352;;428;;412;16;1;Willi Georg;132;32,04;2;Lassenberger Markus;43;10,44;3;Tursky Florian, MSc, MBA;51;12,38;4;Mag. Seidl Julia;4;0,97;5;Dr. Haselwanter-Schneider Andrea;29;7,04;6;Depaoli Gerald;2;0,49;7;Onay Mesut;5;1,21;8;Mag.a Mayr Elisabeth;46;11,17;9;Reichholf Helmut;4;0,97;10;Ing. Mag. Anzengruber Johannes;85;20,63;11;Veber Franz Christian;2;0,49;12;Buchacher Helmut;1;0,24;13;Tomedi Pia;8;1,94;
701;Innsbruck-Stadt;70101;Innsbruck;353;;305;;294;11;1;Willi Georg;88;29,93;2;Lassenberger Markus;32;10,88;3;Tursky Florian, MSc, MBA;49;16,67;4;Mag. Seidl Julia;9;3,06;5;Dr. Haselwanter-Schneider Andrea;10;3,40;6;Depaoli Gerald;3;1,02;7;Onay Mesut;4;1,36;8;Mag.a Mayr Elisabeth;34;11,56;9;Reichholf Helmut;1;0,34;10;Ing. Mag. Anzengruber Johannes;59;20,07;11;Veber Franz Christian;0;0,00;12;Buchacher Helmut;0;0,00;13;Tomedi Pia;5;1,70;
701;Innsbruck-Stadt;70101;Innsbruck;354;;381;;367;14;1;Willi Georg;121;32,97;2;Lassenberger Markus;53;14,44;3;Tursky Florian, MSc, MBA;36;9,81;4;Mag. Seidl Julia;10;2,72;5;Dr. Haselwanter-Schneider Andrea;13;3,54;6;Depaoli Gerald;1;0,27;7;Onay Mesut;4;1,09;8;Mag.a Mayr Elisabeth;39;10,63;9;Reichholf Helmut;3;0,82;10;Ing. Mag. Anzengruber Johannes;75;20,44;11;Veber Franz Christian;0;0,00;12;Buchacher Helmut;1;0,27;13;Tomedi Pia;11;3,00;
701;Innsbruck-Stadt;70101;Innsbruck;355;;277;;267;10;1;Willi Georg;60;22,47;2;Lassenberger Markus;52;19,48;3;Tursky Florian, MSc, MBA;25;9,36;4;Mag. Seidl Julia;1;0,37;5;Dr. Haselwanter-Schneider Andrea;18;6,74;6;Depaoli Gerald;9;3,37;7;Onay Mesut;6;2,25;8;Mag.a Mayr Elisabeth;25;9,36;9;Reichholf Helmut;1;0,37;10;Ing. Mag. Anzengruber Johannes;62;23,22;11;Veber Franz Christian;2;0,75;12;Buchacher Helmut;0;0,00;13;Tomedi Pia;6;2,25;
701;Innsbruck-Stadt;70101;Innsbruck;356;;334;;324;10;1;Willi Georg;30;9,26;2;Lassenberger Markus;112;34,57;3;Tursky Florian, MSc, MBA;28;8,64;4;Mag. Seidl Julia;1;0,31;5;Dr. Haselwanter-Schneider Andrea;16;4,94;6;Depaoli Gerald;17;5,25;7;Onay Mesut;6;1,85;8;Mag.a Mayr Elisabeth;45;13,89;9;Reichholf Helmut;1;0,31;10;Ing. Mag. Anzengruber Johannes;50;15,43;11;Veber Franz Christian;3;0,93;12;Buchacher Helmut;5;1,54;13;Tomedi Pia;10;3,09;
701;Innsbruck-Stadt;70101;Innsbruck;360;;408;;397;11;1;Willi Georg;68;17,13;2;Lassenberger Markus;62;15,62;3;Tursky Florian, MSc, MBA;53;13,35;4;Mag. Seidl Julia;12;3,02;5;Dr. Haselwanter-Schneider Andrea;20;5,04;6;Depaoli Gerald;5;1,26;7;Onay Mesut;5;1,26;8;Mag.a Mayr Elisabeth;56;14,11;9;Reichholf Helmut;8;2,02;10;Ing. Mag. Anzengruber Johannes;98;24,69;11;Veber Franz Christian;0;0,00;12;Buchacher Helmut;1;0,25;13;Tomedi Pia;9;2,27;
701;Innsbruck-Stadt;70101;Innsbruck;361;;504;;490;14;1;Willi Georg;115;23,47;2;Lassenberger Markus;73;14,90;3;Tursky Florian, MSc, MBA;56;11,43;4;Mag. Seidl Julia;13;2,65;5;Dr. Haselwanter-Schneider Andrea;30;6,12;6;Depaoli Gerald;8;1,63;7;Onay Mesut;6;1,22;8;Mag.a Mayr Elisabeth;61;12,45;9;Reichholf Helmut;9;1,84;10;Ing. Mag. Anzengruber Johannes;111;22,65;11;Veber Franz Christian;2;0,41;12;Buchacher Helmut;1;0,20;13;Tomedi Pia;5;1,02;
701;Innsbruck-Stadt;70101;Innsbruck;400;;453;;445;8;1;Willi Georg;123;27,64;2;Lassenberger Markus;38;8,54;3;Tursky Florian, MSc, MBA;34;7,64;4;Mag. Seidl Julia;13;2,92;5;Dr. Haselwanter-Schneider Andrea;11;2,47;6;Depaoli Gerald;6;1,35;7;Onay Mesut;9;2,02;8;Mag.a Mayr Elisabeth;46;10,34;9;Reichholf Helmut;2;0,45;10;Ing. Mag. Anzengruber Johannes;149;33,48;11;Veber Franz Christian;1;0,22;12;Buchacher Helmut;0;0,00;13;Tomedi Pia;13;2,92;
701;Innsbruck-Stadt;70101;Innsbruck;401;;356;;346;10;1;Willi Georg;78;22,54;2;Lassenberger Markus;43;12,43;3;Tursky Florian, MSc, MBA;23;6,65;4;Mag. Seidl Julia;7;2,02;5;Dr. Haselwanter-Schneider Andrea;15;4,34;6;Depaoli Gerald;6;1,73;7;Onay Mesut;9;2,60;8;Mag.a Mayr Elisabeth;69;19,94;9;Reichholf Helmut;0;0,00;10;Ing. Mag. Anzengruber Johannes;78;22,54;11;Veber Franz Christian;0;0,00;12;Buchacher Helmut;2;0,58;13;Tomedi Pia;16;4,62;
701;Innsbruck-Stadt;70101;Innsbruck;402;;429;;416;13;1;Willi Georg;125;30,05;2;Lassenberger Markus;41;9,86;3;Tursky Florian, MSc, MBA;31;7,45;4;Mag. Seidl Julia;11;2,64;5;Dr. Haselwanter-Schneider Andrea;28;6,73;6;Depaoli Gerald;12;2,88;7;Onay Mesut;7;1,68;8;Mag.a Mayr Elisabeth;66;15,87;9;Reichholf Helmut;0;0,00;10;Ing. Mag. Anzengruber Johannes;82;19,71;11;Veber Franz Christian;0;0,00;12;Buchacher Helmut;1;0,24;13;Tomedi Pia;12;2,88;
701;Innsbruck-Stadt;70101;Innsbruck;430;;339;;331;8;1;Willi Georg;29;8,76;2;Lassenberger Markus;73;22,05;3;Tursky Florian, MSc, MBA;46;13,90;4;Mag. Seidl Julia;3;0,91;5;Dr. Haselwanter-Schneider Andrea;14;4,23;6;Depaoli Gerald;17;5,14;7;Onay Mesut;13;3,93;8;Mag.a Mayr Elisabeth;51;15,41;9;Reichholf Helmut;3;0,91;10;Ing. Mag. Anzengruber Johannes;64;19,34;11;Veber Franz Christian;0;0,00;12;Buchacher Helmut;1;0,30;13;Tomedi Pia;17;5,14;
701;Innsbruck-Stadt;70101;Innsbruck;431;;421;;401;20;1;Willi Georg;52;12,97;2;Lassenberger Markus;108;26,93;3;Tursky Florian, MSc, MBA;45;11,22;4;Mag. Seidl Julia;0;0,00;5;Dr. Haselwanter-Schneider Andrea;31;7,73;6;Depaoli Gerald;11;2,74;7;Onay Mesut;6;1,50;8;Mag.a Mayr Elisabeth;52;12,97;9;Reichholf Helmut;3;0,75;10;Ing. Mag. Anzengruber Johannes;82;20,45;11;Veber Franz Christian;0;0,00;12;Buchacher Helmut;5;1,25;13;Tomedi Pia;6;1,50;
701;Innsbruck-Stadt;70101;Innsbruck;500;;286;;277;9;1;Willi Georg;41;14,80;2;Lassenberger Markus;42;15,16;3;Tursky Florian, MSc, MBA;18;6,50;4;Mag. Seidl Julia;4;1,44;5;Dr. Haselwanter-Schneider Andrea;20;7,22;6;Depaoli Gerald;5;1,81;7;Onay Mesut;8;2,89;8;Mag.a Mayr Elisabeth;39;14,08;9;Reichholf Helmut;1;0,36;10;Ing. Mag. Anzengruber Johannes;88;31,77;11;Veber Franz Christian;0;0,00;12;Buchacher Helmut;1;0,36;13;Tomedi Pia;10;3,61;
701;Innsbruck-Stadt;70101;Innsbruck;501;;310;;297;13;1;Willi Georg;29;9,76;2;Lassenberger Markus;92;30,98;3;Tursky Florian, MSc, MBA;19;6,40;4;Mag. Seidl Julia;5;1,68;5;Dr. Haselwanter-Schneider Andrea;11;3,70;6;Depaoli Gerald;11;3,70;7;Onay Mesut;9;3,03;8;Mag.a Mayr Elisabeth;42;14,14;9;Reichholf Helmut;2;0,67;10;Ing. Mag. Anzengruber Johannes;69;23,23;11;Veber Franz Christian;0;0,00;12;Buchacher Helmut;0;0,00;13;Tomedi Pia;8;2,69;
701;Innsbruck-Stadt;70101;Innsbruck;510;;368;;360;8;1;Willi Georg;42;11,67;2;Lassenberger Markus;73;20,28;3;Tursky Florian, MSc, MBA;37;10,28;4;Mag. Seidl Julia;4;1,11;5;Dr. Haselwanter-Schneider Andrea;14;3,89;6;Depaoli Gerald;12;3,33;7;Onay Mesut;9;2,50;8;Mag.a Mayr Elisabeth;43;11,94;9;Reichholf Helmut;3;0,83;10;Ing. Mag. Anzengruber Johannes;109;30,28;11;Veber Franz Christian;0;0,00;12;Buchacher Helmut;1;0,28;13;Tomedi Pia;13;3,61;
701;Innsbruck-Stadt;70101;Innsbruck;511;;479;;457;22;1;Willi Georg;55;12,04;2;Lassenberger Markus;104;22,76;3;Tursky Florian, MSc, MBA;34;7,44;4;Mag. Seidl Julia;7;1,53;5;Dr. Haselwanter-Schneider Andrea;25;5,47;6;Depaoli Gerald;21;4,60;7;Onay Mesut;11;2,41;8;Mag.a Mayr Elisabeth;84;18,38;9;Reichholf Helmut;1;0,22;10;Ing. Mag. Anzengruber Johannes;93;20,35;11;Veber Franz Christian;1;0,22;12;Buchacher Helmut;4;0,88;13;Tomedi Pia;17;3,72;
701;Innsbruck-Stadt;70101;Innsbruck;512;;355;;346;9;1;Willi Georg;60;17,34;2;Lassenberger Markus;79;22,83;3;Tursky Florian, MSc, MBA;42;12,14;4;Mag. Seidl Julia;7;2,02;5;Dr. Haselwanter-Schneider Andrea;9;2,60;6;Depaoli Gerald;6;1,73;7;Onay Mesut;5;1,45;8;Mag.a Mayr Elisabeth;41;11,85;9;Reichholf Helmut;2;0,58;10;Ing. Mag. Anzengruber Johannes;69;19,94;11;Veber Franz Christian;3;0,87;12;Buchacher Helmut;1;0,29;13;Tomedi Pia;22;6,36;
701;Innsbruck-Stadt;70101;Innsbruck;513;;255;;247;8;1;Willi Georg;46;18,62;2;Lassenberger Markus;41;16,60;3;Tursky Florian, MSc, MBA;32;12,96;4;Mag. Seidl Julia;6;2,43;5;Dr. Haselwanter-Schneider Andrea;17;6,88;6;Depaoli Gerald;7;2,83;7;Onay Mesut;5;2,02;8;Mag.a Mayr Elisabeth;38;15,38;9;Reichholf Helmut;2;0,81;10;Ing. Mag. Anzengruber Johannes;39;15,79;11;Veber Franz Christian;1;0,40;12;Buchacher Helmut;0;0,00;13;Tomedi Pia;13;5,26;
701;Innsbruck-Stadt;70101;Innsbruck;600;;443;;433;10;1;Willi Georg;61;14,09;2;Lassenberger Markus;64;14,78;3;Tursky Florian, MSc, MBA;29;6,70;4;Mag. Seidl Julia;11;2,54;5;Dr. Haselwanter-Schneider Andrea;5;1,15;6;Depaoli Gerald;3;0,69;7;Onay Mesut;3;0,69;8;Mag.a Mayr Elisabeth;48;11,09;9;Reichholf Helmut;4;0,92;10;Ing. Mag. Anzengruber Johannes;202;46,65;11;Veber Franz Christian;1;0,23;12;Buchacher Helmut;0;0,00;13;Tomedi Pia;2;0,46;
701;Innsbruck-Stadt;70101;Innsbruck;601;;343;;335;8;1;Willi Georg;53;15,82;2;Lassenberger Markus;84;25,07;3;Tursky Florian, MSc, MBA;18;5,37;4;Mag. Seidl Julia;2;0,60;5;Dr. Haselwanter-Schneider Andrea;15;4,48;6;Depaoli Gerald;2;0,60;7;Onay Mesut;1;0,30;8;Mag.a Mayr Elisabeth;29;8,66;9;Reichholf Helmut;0;0,00;10;Ing. Mag. Anzengruber Johannes;116;34,63;11;Veber Franz Christian;1;0,30;12;Buchacher Helmut;4;1,19;13;Tomedi Pia;10;2,99;
701;Innsbruck-Stadt;70101;Innsbruck;610;;301;;293;8;1;Willi Georg;54;18,43;2;Lassenberger Markus;35;11,95;3;Tursky Florian, MSc, MBA;19;6,48;4;Mag. Seidl Julia;5;1,71;5;Dr. Haselwanter-Schneider Andrea;12;4,10;6;Depaoli Gerald;4;1,37;7;Onay Mesut;4;1,37;8;Mag.a Mayr Elisabeth;51;17,41;9;Reichholf Helmut;0;0,00;10;Ing. Mag. Anzengruber Johannes;97;33,11;11;Veber Franz Christian;0;0,00;12;Buchacher Helmut;1;0,34;13;Tomedi Pia;11;3,75;
701;Innsbruck-Stadt;70101;Innsbruck;611;;489;;483;6;1;Willi Georg;94;19,46;2;Lassenberger Markus;86;17,81;3;Tursky Florian, MSc, MBA;41;8,49;4;Mag. Seidl Julia;8;1,66;5;Dr. Haselwanter-Schneider Andrea;17;3,52;6;Depaoli Gerald;10;2,07;7;Onay Mesut;7;1,45;8;Mag.a Mayr Elisabeth;59;12,22;9;Reichholf Helmut;0;0,00;10;Ing. Mag. Anzengruber Johannes;149;30,85;11;Veber Franz Christian;1;0,21;12;Buchacher Helmut;0;0,00;13;Tomedi Pia;11;2,28;
701;Innsbruck-Stadt;70101;Innsbruck;612;;370;;358;12;1;Willi Georg;52;14,53;2;Lassenberger Markus;76;21,23;3;Tursky Florian, MSc, MBA;43;12,01;4;Mag. Seidl Julia;7;1,96;5;Dr. Haselwanter-Schneider Andrea;11;3,07;6;Depaoli Gerald;4;1,12;7;Onay Mesut;1;0,28;8;Mag.a Mayr Elisabeth;40;11,17;9;Reichholf Helmut;2;0,56;10;Ing. Mag. Anzengruber Johannes;115;32,12;11;Veber Franz Christian;0;0,00;12;Buchacher Helmut;0;0,00;13;Tomedi Pia;7;1,96;
701;Innsbruck-Stadt;70101;Innsbruck;620;;278;;265;13;1;Willi Georg;31;11,70;2;Lassenberger Markus;50;18,87;3;Tursky Florian, MSc, MBA;20;7,55;4;Mag. Seidl Julia;6;2,26;5;Dr. Haselwanter-Schneider Andrea;18;6,79;6;Depaoli Gerald;8;3,02;7;Onay Mesut;8;3,02;8;Mag.a Mayr Elisabeth;38;14,34;9;Reichholf Helmut;1;0,38;10;Ing. Mag. Anzengruber Johannes;73;27,55;11;Veber Franz Christian;1;0,38;12;Buchacher Helmut;1;0,38;13;Tomedi Pia;10;3,77;
701;Innsbruck-Stadt;70101;Innsbruck;621;;279;;272;7;1;Willi Georg;40;14,71;2;Lassenberger Markus;58;21,32;3;Tursky Florian, MSc, MBA;30;11,03;4;Mag. Seidl Julia;6;2,21;5;Dr. Haselwanter-Schneider Andrea;12;4,41;6;Depaoli Gerald;11;4,04;7;Onay Mesut;4;1,47;8;Mag.a Mayr Elisabeth;42;15,44;9;Reichholf Helmut;0;0,00;10;Ing. Mag. Anzengruber Johannes;60;22,06;11;Veber Franz Christian;1;0,37;12;Buchacher Helmut;2;0,74;13;Tomedi Pia;6;2,21;
701;Innsbruck-Stadt;70101;Innsbruck;630;;206;;201;5;1;Willi Georg;11;5,47;2;Lassenberger Markus;73;36,32;3;Tursky Florian, MSc, MBA;25;12,44;4;Mag. Seidl Julia;0;0,00;5;Dr. Haselwanter-Schneider Andrea;7;3,48;6;Depaoli Gerald;9;4,48;7;Onay Mesut;5;2,49;8;Mag.a Mayr Elisabeth;23;11,44;9;Reichholf Helmut;1;0,50;10;Ing. Mag. Anzengruber Johannes;31;15,42;11;Veber Franz Christian;0;0,00;12;Buchacher Helmut;1;0,50;13;Tomedi Pia;15;7,46;
701;Innsbruck-Stadt;70101;Innsbruck;631;;224;;214;10;1;Willi Georg;23;10,75;2;Lassenberger Markus;54;25,23;3;Tursky Florian, MSc, MBA;22;10,28;4;Mag. Seidl Julia;1;0,47;5;Dr. Haselwanter-Schneider Andrea;16;7,48;6;Depaoli Gerald;7;3,27;7;Onay Mesut;2;0,93;8;Mag.a Mayr Elisabeth;34;15,89;9;Reichholf Helmut;0;0,00;10;Ing. Mag. Anzengruber Johannes;39;18,22;11;Veber Franz Christian;1;0,47;12;Buchacher Helmut;1;0,47;13;Tomedi Pia;14;6,54;
701;Innsbruck-Stadt;70101;Innsbruck;632;;279;;262;17;1;Willi Georg;24;9,16;2;Lassenberger Markus;74;28,24;3;Tursky Florian, MSc, MBA;37;14,12;4;Mag. Seidl Julia;3;1,15;5;Dr. Haselwanter-Schneider Andrea;5;1,91;6;Depaoli Gerald;9;3,44;7;Onay Mesut;6;2,29;8;Mag.a Mayr Elisabeth;51;19,47;9;Reichholf Helmut;2;0,76;10;Ing. Mag. Anzengruber Johannes;35;13,36;11;Veber Franz Christian;0;0,00;12;Buchacher Helmut;3;1,15;13;Tomedi Pia;13;4,96;
701;Innsbruck-Stadt;70101;Innsbruck;633;;285;;263;22;1;Willi Georg;12;4,56;2;Lassenberger Markus;101;38,40;3;Tursky Florian, MSc, MBA;32;12,17;4;Mag. Seidl Julia;4;1,52;5;Dr. Haselwanter-Schneider Andrea;23;8,75;6;Depaoli Gerald;7;2,66;7;Onay Mesut;3;1,14;8;Mag.a Mayr Elisabeth;26;9,89;9;Reichholf Helmut;1;0,38;10;Ing. Mag. Anzengruber Johannes;37;14,07;11;Veber Franz Christian;0;0,00;12;Buchacher Helmut;1;0,38;13;Tomedi Pia;16;6,08;
701;Innsbruck-Stadt;70101;Innsbruck;634;;232;;224;8;1;Willi Georg;24;10,71;2;Lassenberger Markus;51;22,77;3;Tursky Florian, MSc, MBA;31;13,84;4;Mag. Seidl Julia;2;0,89;5;Dr. Haselwanter-Schneider Andrea;8;3,57;6;Depaoli Gerald;7;3,13;7;Onay Mesut;1;0,45;8;Mag.a Mayr Elisabeth;25;11,16;9;Reichholf Helmut;0;0,00;10;Ing. Mag. Anzengruber Johannes;65;29,02;11;Veber Franz Christian;1;0,45;12;Buchacher Helmut;1;0,45;13;Tomedi Pia;8;3,57;
701;Innsbruck-Stadt;70101;Innsbruck;635;;373;;352;21;1;Willi Georg;10;2,84;2;Lassenberger Markus;129;36,65;3;Tursky Florian, MSc, MBA;34;9,66;4;Mag. Seidl Julia;2;0,57;5;Dr. Haselwanter-Schneider Andrea;20;5,68;6;Depaoli Gerald;27;7,67;7;Onay Mesut;4;1,14;8;Mag.a Mayr Elisabeth;49;13,92;9;Reichholf Helmut;1;0,28;10;Ing. Mag. Anzengruber Johannes;66;18,75;11;Veber Franz Christian;0;0,00;12;Buchacher Helmut;2;0,57;13;Tomedi Pia;8;2,27;
701;Innsbruck-Stadt;70101;Innsbruck;700;;277;;268;9;1;Willi Georg;44;16,42;2;Lassenberger Markus;22;8,21;3;Tursky Florian, MSc, MBA;28;10,45;4;Mag. Seidl Julia;4;1,49;5;Dr. Haselwanter-Schneider Andrea;14;5,22;6;Depaoli Gerald;5;1,87;7;Onay Mesut;7;2,61;8;Mag.a Mayr Elisabeth;30;11,19;9;Reichholf Helmut;2;0,75;10;Ing. Mag. Anzengruber Johannes;102;38,06;11;Veber Franz Christian;2;0,75;12;Buchacher Helmut;0;0,00;13;Tomedi Pia;8;2,99;
701;Innsbruck-Stadt;70101;Innsbruck;800;;426;;418;8;1;Willi Georg;99;23,68;2;Lassenberger Markus;52;12,44;3;Tursky Florian, MSc, MBA;53;12,68;4;Mag. Seidl Julia;10;2,39;5;Dr. Haselwanter-Schneider Andrea;25;5,98;6;Depaoli Gerald;1;0,24;7;Onay Mesut;4;0,96;8;Mag.a Mayr Elisabeth;58;13,88;9;Reichholf Helmut;3;0,72;10;Ing. Mag. Anzengruber Johannes;105;25,12;11;Veber Franz Christian;4;0,96;12;Buchacher Helmut;0;0,00;13;Tomedi Pia;4;0,96;
701;Innsbruck-Stadt;70101;Innsbruck;801;;343;;336;7;1;Willi Georg;71;21,13;2;Lassenberger Markus;26;7,74;3;Tursky Florian, MSc, MBA;59;17,56;4;Mag. Seidl Julia;4;1,19;5;Dr. Haselwanter-Schneider Andrea;30;8,93;6;Depaoli Gerald;3;0,89;7;Onay Mesut;3;0,89;8;Mag.a Mayr Elisabeth;52;15,48;9;Reichholf Helmut;0;0,00;10;Ing. Mag. Anzengruber Johannes;80;23,81;11;Veber Franz Christian;1;0,30;12;Buchacher Helmut;1;0,30;13;Tomedi Pia;6;1,79;
701;Innsbruck-Stadt;70101;Innsbruck;802;;392;;383;9;1;Willi Georg;56;14,62;2;Lassenberger Markus;50;13,05;3;Tursky Florian, MSc, MBA;43;11,23;4;Mag. Seidl Julia;8;2,09;5;Dr. Haselwanter-Schneider Andrea;22;5,74;6;Depaoli Gerald;1;0,26;7;Onay Mesut;2;0,52;8;Mag.a Mayr Elisabeth;63;16,45;9;Reichholf Helmut;0;0,00;10;Ing. Mag. Anzengruber Johannes;127;33,16;11;Veber Franz Christian;1;0,26;12;Buchacher Helmut;0;0,00;13;Tomedi Pia;10;2,61;
701;Innsbruck-Stadt;70101;Innsbruck;901;;73;;69;4;1;Willi Georg;25;36,23;2;Lassenberger Markus;7;10,14;3;Tursky Florian, MSc, MBA;9;13,04;4;Mag. Seidl Julia;0;0,00;5;Dr. Haselwanter-Schneider Andrea;4;5,80;6;Depaoli Gerald;0;0,00;7;Onay Mesut;3;4,35;8;Mag.a Mayr Elisabeth;9;13,04;9;Reichholf Helmut;0;0,00;10;Ing. Mag. Anzengruber Johannes;10;14,49;11;Veber Franz Christian;0;0,00;12;Buchacher Helmut;1;1,45;13;Tomedi Pia;1;1,45;
701;Innsbruck-Stadt;70101;Innsbruck;902;;93;;83;10;1;Willi Georg;26;31,33;2;Lassenberger Markus;5;6,02;3;Tursky Florian, MSc, MBA;15;18,07;4;Mag. Seidl Julia;2;2,41;5;Dr. Haselwanter-Schneider Andrea;5;6,02;6;Depaoli Gerald;0;0,00;7;Onay Mesut;1;1,20;8;Mag.a Mayr Elisabeth;12;14,46;9;Reichholf Helmut;0;0,00;10;Ing. Mag. Anzengruber Johannes;16;19,28;11;Veber Franz Christian;0;0,00;12;Buchacher Helmut;1;1,20;13;Tomedi Pia;0;0,00;
701;Innsbruck-Stadt;70101;Innsbruck;903;;81;;69;12;1;Willi Georg;24;34,78;2;Lassenberger Markus;3;4,35;3;Tursky Florian, MSc, MBA;17;24,64;4;Mag. Seidl Julia;0;0,00;5;Dr. Haselwanter-Schneider Andrea;8;11,59;6;Depaoli Gerald;1;1,45;7;Onay Mesut;1;1,45;8;Mag.a Mayr Elisabeth;8;11,59;9;Reichholf Helmut;0;0,00;10;Ing. Mag. Anzengruber Johannes;7;10,14;11;Veber Franz Christian;0;0,00;12;Buchacher Helmut;0;0,00;13;Tomedi Pia;0;0,00;
701;Innsbruck-Stadt;70101;Innsbruck;904;;134;;126;8;1;Willi Georg;36;28,57;2;Lassenberger Markus;11;8,73;3;Tursky Florian, MSc, MBA;37;29,37;4;Mag. Seidl Julia;5;3,97;5;Dr. Haselwanter-Schneider Andrea;3;2,38;6;Depaoli Gerald;2;1,59;7;Onay Mesut;0;0,00;8;Mag.a Mayr Elisabeth;15;11,90;9;Reichholf Helmut;0;0,00;10;Ing. Mag. Anzengruber Johannes;16;12,70;11;Veber Franz Christian;0;0,00;12;Buchacher Helmut;0;0,00;13;Tomedi Pia;1;0,79;
701;Innsbruck-Stadt;70101;Innsbruck;905;;72;;63;9;1;Willi Georg;10;15,87;2;Lassenberger Markus;14;22,22;3;Tursky Florian, MSc, MBA;12;19,05;4;Mag. Seidl Julia;0;0,00;5;Dr. Haselwanter-Schneider Andrea;6;9,52;6;Depaoli Gerald;0;0,00;7;Onay Mesut;0;0,00;8;Mag.a Mayr Elisabeth;10;15,87;9;Reichholf Helmut;1;1,59;10;Ing. Mag. Anzengruber Johannes;9;14,29;11;Veber Franz Christian;0;0,00;12;Buchacher Helmut;0;0,00;13;Tomedi Pia;1;1,59;
701;Innsbruck-Stadt;70101;Innsbruck;930;;0;;0;0;1;Willi Georg;0;0,00;2;Lassenberger Markus;0;0,00;3;Tursky Florian, MSc, MBA;0;0,00;4;Mag. Seidl Julia;0;0,00;5;Dr. Haselwanter-Schneider Andrea;0;0,00;6;Depaoli Gerald;0;0,00;7;Onay Mesut;0;0,00;8;Mag.a Mayr Elisabeth;0;0,00;9;Reichholf Helmut;0;0,00;10;Ing. Mag. Anzengruber Johannes;0;0,00;11;Veber Franz Christian;0;0,00;12;Buchacher Helmut;0;0,00;13;Tomedi Pia;0;0,00;
