Engere Wahl des Bürgermeisters Landeshauptstadt Innsbruck 2024, 28.04.2024 (Bericht wurde generiert am 28.04.2024 um 17:34)
Bezirk_Id;Bezirk;Gemeinde_Id;Gemeinde;Sprengel_Nr;Wahlberechtigte;Abgegebene Stimmen;Wahlbeteiligung;Gültige Stimmen;Ungültige Stimmen;Nr./Kandidat1;Name/Kandidat1;Stimmen/Kandidat1;Prozente/Kandidat1;BGM/Kandidat1;Nr./Kandidat2;Name/Kandidat2;Stimmen/Kandidat2;Prozente/Kandidat2;BGM/Kandidat2;
701;Innsbruck-Stadt;70101;Innsbruck;;100564;51749;51,46;51435;314;1;Willi Georg (Georg Willi - Die Innsbrucker Grünen);20787;40,41;nein;2;Ing. Mag. Anzengruber Johannes (JA - Jetzt Innsbruck - Johannes Anzengruber);30648;59,59;ja;
701;Innsbruck-Stadt;70101;Innsbruck;-1;;9571;;9521;50;1;Willi Georg (Georg Willi - Die Innsbrucker Grünen);4478;47,03;;2;Ing. Mag. Anzengruber Johannes (JA - Jetzt Innsbruck - Johannes Anzengruber);5043;52,97;;
701;Innsbruck-Stadt;70101;Innsbruck;1;;276;;273;3;1;Willi Georg (Georg Willi - Die Innsbrucker Grünen);165;60,44;;2;Ing. Mag. Anzengruber Johannes (JA - Jetzt Innsbruck - Johannes Anzengruber);108;39,56;;
701;Innsbruck-Stadt;70101;Innsbruck;10;;248;;247;1;1;Willi Georg (Georg Willi - Die Innsbrucker Grünen);138;55,87;;2;Ing. Mag. Anzengruber Johannes (JA - Jetzt Innsbruck - Johannes Anzengruber);109;44,13;;
701;Innsbruck-Stadt;70101;Innsbruck;11;;256;;256;0;1;Willi Georg (Georg Willi - Die Innsbrucker Grünen);171;66,80;;2;Ing. Mag. Anzengruber Johannes (JA - Jetzt Innsbruck - Johannes Anzengruber);85;33,20;;
701;Innsbruck-Stadt;70101;Innsbruck;12;;249;;249;0;1;Willi Georg (Georg Willi - Die Innsbrucker Grünen);123;49,40;;2;Ing. Mag. Anzengruber Johannes (JA - Jetzt Innsbruck - Johannes Anzengruber);126;50,60;;
701;Innsbruck-Stadt;70101;Innsbruck;13;;270;;269;1;1;Willi Georg (Georg Willi - Die Innsbrucker Grünen);143;53,16;;2;Ing. Mag. Anzengruber Johannes (JA - Jetzt Innsbruck - Johannes Anzengruber);126;46,84;;
701;Innsbruck-Stadt;70101;Innsbruck;20;;157;;156;1;1;Willi Georg (Georg Willi - Die Innsbrucker Grünen);84;53,85;;2;Ing. Mag. Anzengruber Johannes (JA - Jetzt Innsbruck - Johannes Anzengruber);72;46,15;;
701;Innsbruck-Stadt;70101;Innsbruck;21;;146;;145;1;1;Willi Georg (Georg Willi - Die Innsbrucker Grünen);85;58,62;;2;Ing. Mag. Anzengruber Johannes (JA - Jetzt Innsbruck - Johannes Anzengruber);60;41,38;;
701;Innsbruck-Stadt;70101;Innsbruck;30;;158;;156;2;1;Willi Georg (Georg Willi - Die Innsbrucker Grünen);92;58,97;;2;Ing. Mag. Anzengruber Johannes (JA - Jetzt Innsbruck - Johannes Anzengruber);64;41,03;;
701;Innsbruck-Stadt;70101;Innsbruck;31;;238;;236;2;1;Willi Georg (Georg Willi - Die Innsbrucker Grünen);143;60,59;;2;Ing. Mag. Anzengruber Johannes (JA - Jetzt Innsbruck - Johannes Anzengruber);93;39,41;;
701;Innsbruck-Stadt;70101;Innsbruck;32;;241;;241;0;1;Willi Georg (Georg Willi - Die Innsbrucker Grünen);140;58,09;;2;Ing. Mag. Anzengruber Johannes (JA - Jetzt Innsbruck - Johannes Anzengruber);101;41,91;;
701;Innsbruck-Stadt;70101;Innsbruck;40;;147;;147;0;1;Willi Georg (Georg Willi - Die Innsbrucker Grünen);78;53,06;;2;Ing. Mag. Anzengruber Johannes (JA - Jetzt Innsbruck - Johannes Anzengruber);69;46,94;;
701;Innsbruck-Stadt;70101;Innsbruck;41;;149;;147;2;1;Willi Georg (Georg Willi - Die Innsbrucker Grünen);86;58,50;;2;Ing. Mag. Anzengruber Johannes (JA - Jetzt Innsbruck - Johannes Anzengruber);61;41,50;;
701;Innsbruck-Stadt;70101;Innsbruck;50;;236;;235;1;1;Willi Georg (Georg Willi - Die Innsbrucker Grünen);90;38,30;;2;Ing. Mag. Anzengruber Johannes (JA - Jetzt Innsbruck - Johannes Anzengruber);145;61,70;;
701;Innsbruck-Stadt;70101;Innsbruck;51;;283;;282;1;1;Willi Georg (Georg Willi - Die Innsbrucker Grünen);146;51,77;;2;Ing. Mag. Anzengruber Johannes (JA - Jetzt Innsbruck - Johannes Anzengruber);136;48,23;;
701;Innsbruck-Stadt;70101;Innsbruck;52;;283;;281;2;1;Willi Georg (Georg Willi - Die Innsbrucker Grünen);163;58,01;;2;Ing. Mag. Anzengruber Johannes (JA - Jetzt Innsbruck - Johannes Anzengruber);118;41,99;;
701;Innsbruck-Stadt;70101;Innsbruck;60;;280;;279;1;1;Willi Georg (Georg Willi - Die Innsbrucker Grünen);146;52,33;;2;Ing. Mag. Anzengruber Johannes (JA - Jetzt Innsbruck - Johannes Anzengruber);133;47,67;;
701;Innsbruck-Stadt;70101;Innsbruck;70;;364;;363;1;1;Willi Georg (Georg Willi - Die Innsbrucker Grünen);205;56,47;;2;Ing. Mag. Anzengruber Johannes (JA - Jetzt Innsbruck - Johannes Anzengruber);158;43,53;;
701;Innsbruck-Stadt;70101;Innsbruck;71;;264;;263;1;1;Willi Georg (Georg Willi - Die Innsbrucker Grünen);122;46,39;;2;Ing. Mag. Anzengruber Johannes (JA - Jetzt Innsbruck - Johannes Anzengruber);141;53,61;;
701;Innsbruck-Stadt;70101;Innsbruck;72;;427;;424;3;1;Willi Georg (Georg Willi - Die Innsbrucker Grünen);158;37,26;;2;Ing. Mag. Anzengruber Johannes (JA - Jetzt Innsbruck - Johannes Anzengruber);266;62,74;;
701;Innsbruck-Stadt;70101;Innsbruck;73;;313;;313;0;1;Willi Georg (Georg Willi - Die Innsbrucker Grünen);171;54,63;;2;Ing. Mag. Anzengruber Johannes (JA - Jetzt Innsbruck - Johannes Anzengruber);142;45,37;;
701;Innsbruck-Stadt;70101;Innsbruck;74;;244;;242;2;1;Willi Georg (Georg Willi - Die Innsbrucker Grünen);99;40,91;;2;Ing. Mag. Anzengruber Johannes (JA - Jetzt Innsbruck - Johannes Anzengruber);143;59,09;;
701;Innsbruck-Stadt;70101;Innsbruck;75;;249;;245;4;1;Willi Georg (Georg Willi - Die Innsbrucker Grünen);110;44,90;;2;Ing. Mag. Anzengruber Johannes (JA - Jetzt Innsbruck - Johannes Anzengruber);135;55,10;;
701;Innsbruck-Stadt;70101;Innsbruck;80;;265;;265;0;1;Willi Georg (Georg Willi - Die Innsbrucker Grünen);49;18,49;;2;Ing. Mag. Anzengruber Johannes (JA - Jetzt Innsbruck - Johannes Anzengruber);216;81,51;;
701;Innsbruck-Stadt;70101;Innsbruck;81;;107;;106;1;1;Willi Georg (Georg Willi - Die Innsbrucker Grünen);29;27,36;;2;Ing. Mag. Anzengruber Johannes (JA - Jetzt Innsbruck - Johannes Anzengruber);77;72,64;;
701;Innsbruck-Stadt;70101;Innsbruck;100;;263;;261;2;1;Willi Georg (Georg Willi - Die Innsbrucker Grünen);146;55,94;;2;Ing. Mag. Anzengruber Johannes (JA - Jetzt Innsbruck - Johannes Anzengruber);115;44,06;;
701;Innsbruck-Stadt;70101;Innsbruck;101;;263;;261;2;1;Willi Georg (Georg Willi - Die Innsbrucker Grünen);155;59,39;;2;Ing. Mag. Anzengruber Johannes (JA - Jetzt Innsbruck - Johannes Anzengruber);106;40,61;;
701;Innsbruck-Stadt;70101;Innsbruck;102;;245;;245;0;1;Willi Georg (Georg Willi - Die Innsbrucker Grünen);128;52,24;;2;Ing. Mag. Anzengruber Johannes (JA - Jetzt Innsbruck - Johannes Anzengruber);117;47,76;;
701;Innsbruck-Stadt;70101;Innsbruck;103;;202;;201;1;1;Willi Georg (Georg Willi - Die Innsbrucker Grünen);128;63,68;;2;Ing. Mag. Anzengruber Johannes (JA - Jetzt Innsbruck - Johannes Anzengruber);73;36,32;;
701;Innsbruck-Stadt;70101;Innsbruck;104;;199;;199;0;1;Willi Georg (Georg Willi - Die Innsbrucker Grünen);90;45,23;;2;Ing. Mag. Anzengruber Johannes (JA - Jetzt Innsbruck - Johannes Anzengruber);109;54,77;;
701;Innsbruck-Stadt;70101;Innsbruck;110;;319;;318;1;1;Willi Georg (Georg Willi - Die Innsbrucker Grünen);194;61,01;;2;Ing. Mag. Anzengruber Johannes (JA - Jetzt Innsbruck - Johannes Anzengruber);124;38,99;;
701;Innsbruck-Stadt;70101;Innsbruck;111;;268;;266;2;1;Willi Georg (Georg Willi - Die Innsbrucker Grünen);153;57,52;;2;Ing. Mag. Anzengruber Johannes (JA - Jetzt Innsbruck - Johannes Anzengruber);113;42,48;;
701;Innsbruck-Stadt;70101;Innsbruck;112;;296;;295;1;1;Willi Georg (Georg Willi - Die Innsbrucker Grünen);166;56,27;;2;Ing. Mag. Anzengruber Johannes (JA - Jetzt Innsbruck - Johannes Anzengruber);129;43,73;;
701;Innsbruck-Stadt;70101;Innsbruck;113;;273;;272;1;1;Willi Georg (Georg Willi - Die Innsbrucker Grünen);177;65,07;;2;Ing. Mag. Anzengruber Johannes (JA - Jetzt Innsbruck - Johannes Anzengruber);95;34,93;;
701;Innsbruck-Stadt;70101;Innsbruck;114;;317;;313;4;1;Willi Georg (Georg Willi - Die Innsbrucker Grünen);203;64,86;;2;Ing. Mag. Anzengruber Johannes (JA - Jetzt Innsbruck - Johannes Anzengruber);110;35,14;;
701;Innsbruck-Stadt;70101;Innsbruck;115;;224;;221;3;1;Willi Georg (Georg Willi - Die Innsbrucker Grünen);101;45,70;;2;Ing. Mag. Anzengruber Johannes (JA - Jetzt Innsbruck - Johannes Anzengruber);120;54,30;;
701;Innsbruck-Stadt;70101;Innsbruck;120;;225;;223;2;1;Willi Georg (Georg Willi - Die Innsbrucker Grünen);84;37,67;;2;Ing. Mag. Anzengruber Johannes (JA - Jetzt Innsbruck - Johannes Anzengruber);139;62,33;;
701;Innsbruck-Stadt;70101;Innsbruck;130;;194;;190;4;1;Willi Georg (Georg Willi - Die Innsbrucker Grünen);119;62,63;;2;Ing. Mag. Anzengruber Johannes (JA - Jetzt Innsbruck - Johannes Anzengruber);71;37,37;;
701;Innsbruck-Stadt;70101;Innsbruck;131;;277;;276;1;1;Willi Georg (Georg Willi - Die Innsbrucker Grünen);104;37,68;;2;Ing. Mag. Anzengruber Johannes (JA - Jetzt Innsbruck - Johannes Anzengruber);172;62,32;;
701;Innsbruck-Stadt;70101;Innsbruck;132;;145;;144;1;1;Willi Georg (Georg Willi - Die Innsbrucker Grünen);68;47,22;;2;Ing. Mag. Anzengruber Johannes (JA - Jetzt Innsbruck - Johannes Anzengruber);76;52,78;;
701;Innsbruck-Stadt;70101;Innsbruck;133;;237;;234;3;1;Willi Georg (Georg Willi - Die Innsbrucker Grünen);40;17,09;;2;Ing. Mag. Anzengruber Johannes (JA - Jetzt Innsbruck - Johannes Anzengruber);194;82,91;;
701;Innsbruck-Stadt;70101;Innsbruck;140;;410;;405;5;1;Willi Georg (Georg Willi - Die Innsbrucker Grünen);95;23,46;;2;Ing. Mag. Anzengruber Johannes (JA - Jetzt Innsbruck - Johannes Anzengruber);310;76,54;;
701;Innsbruck-Stadt;70101;Innsbruck;150;;267;;263;4;1;Willi Georg (Georg Willi - Die Innsbrucker Grünen);105;39,92;;2;Ing. Mag. Anzengruber Johannes (JA - Jetzt Innsbruck - Johannes Anzengruber);158;60,08;;
701;Innsbruck-Stadt;70101;Innsbruck;151;;253;;251;2;1;Willi Georg (Georg Willi - Die Innsbrucker Grünen);64;25,50;;2;Ing. Mag. Anzengruber Johannes (JA - Jetzt Innsbruck - Johannes Anzengruber);187;74,50;;
701;Innsbruck-Stadt;70101;Innsbruck;200;;304;;302;2;1;Willi Georg (Georg Willi - Die Innsbrucker Grünen);129;42,72;;2;Ing. Mag. Anzengruber Johannes (JA - Jetzt Innsbruck - Johannes Anzengruber);173;57,28;;
701;Innsbruck-Stadt;70101;Innsbruck;201;;228;;227;1;1;Willi Georg (Georg Willi - Die Innsbrucker Grünen);83;36,56;;2;Ing. Mag. Anzengruber Johannes (JA - Jetzt Innsbruck - Johannes Anzengruber);144;63,44;;
701;Innsbruck-Stadt;70101;Innsbruck;202;;237;;237;0;1;Willi Georg (Georg Willi - Die Innsbrucker Grünen);74;31,22;;2;Ing. Mag. Anzengruber Johannes (JA - Jetzt Innsbruck - Johannes Anzengruber);163;68,78;;
701;Innsbruck-Stadt;70101;Innsbruck;203;;223;;222;1;1;Willi Georg (Georg Willi - Die Innsbrucker Grünen);40;18,02;;2;Ing. Mag. Anzengruber Johannes (JA - Jetzt Innsbruck - Johannes Anzengruber);182;81,98;;
701;Innsbruck-Stadt;70101;Innsbruck;210;;334;;330;4;1;Willi Georg (Georg Willi - Die Innsbrucker Grünen);132;40,00;;2;Ing. Mag. Anzengruber Johannes (JA - Jetzt Innsbruck - Johannes Anzengruber);198;60,00;;
701;Innsbruck-Stadt;70101;Innsbruck;211;;273;;273;0;1;Willi Georg (Georg Willi - Die Innsbrucker Grünen);142;52,01;;2;Ing. Mag. Anzengruber Johannes (JA - Jetzt Innsbruck - Johannes Anzengruber);131;47,99;;
701;Innsbruck-Stadt;70101;Innsbruck;212;;231;;230;1;1;Willi Georg (Georg Willi - Die Innsbrucker Grünen);86;37,39;;2;Ing. Mag. Anzengruber Johannes (JA - Jetzt Innsbruck - Johannes Anzengruber);144;62,61;;
701;Innsbruck-Stadt;70101;Innsbruck;213;;130;;130;0;1;Willi Georg (Georg Willi - Die Innsbrucker Grünen);16;12,31;;2;Ing. Mag. Anzengruber Johannes (JA - Jetzt Innsbruck - Johannes Anzengruber);114;87,69;;
701;Innsbruck-Stadt;70101;Innsbruck;214;;278;;278;0;1;Willi Georg (Georg Willi - Die Innsbrucker Grünen);136;48,92;;2;Ing. Mag. Anzengruber Johannes (JA - Jetzt Innsbruck - Johannes Anzengruber);142;51,08;;
701;Innsbruck-Stadt;70101;Innsbruck;215;;256;;252;4;1;Willi Georg (Georg Willi - Die Innsbrucker Grünen);96;38,10;;2;Ing. Mag. Anzengruber Johannes (JA - Jetzt Innsbruck - Johannes Anzengruber);156;61,90;;
701;Innsbruck-Stadt;70101;Innsbruck;220;;175;;174;1;1;Willi Georg (Georg Willi - Die Innsbrucker Grünen);55;31,61;;2;Ing. Mag. Anzengruber Johannes (JA - Jetzt Innsbruck - Johannes Anzengruber);119;68,39;;
701;Innsbruck-Stadt;70101;Innsbruck;221;;197;;197;0;1;Willi Georg (Georg Willi - Die Innsbrucker Grünen);48;24,37;;2;Ing. Mag. Anzengruber Johannes (JA - Jetzt Innsbruck - Johannes Anzengruber);149;75,63;;
701;Innsbruck-Stadt;70101;Innsbruck;222;;390;;388;2;1;Willi Georg (Georg Willi - Die Innsbrucker Grünen);117;30,15;;2;Ing. Mag. Anzengruber Johannes (JA - Jetzt Innsbruck - Johannes Anzengruber);271;69,85;;
701;Innsbruck-Stadt;70101;Innsbruck;223;;365;;364;1;1;Willi Georg (Georg Willi - Die Innsbrucker Grünen);86;23,63;;2;Ing. Mag. Anzengruber Johannes (JA - Jetzt Innsbruck - Johannes Anzengruber);278;76,37;;
701;Innsbruck-Stadt;70101;Innsbruck;230;;255;;252;3;1;Willi Georg (Georg Willi - Die Innsbrucker Grünen);97;38,49;;2;Ing. Mag. Anzengruber Johannes (JA - Jetzt Innsbruck - Johannes Anzengruber);155;61,51;;
701;Innsbruck-Stadt;70101;Innsbruck;231;;257;;256;1;1;Willi Georg (Georg Willi - Die Innsbrucker Grünen);69;26,95;;2;Ing. Mag. Anzengruber Johannes (JA - Jetzt Innsbruck - Johannes Anzengruber);187;73,05;;
701;Innsbruck-Stadt;70101;Innsbruck;232;;233;;233;0;1;Willi Georg (Georg Willi - Die Innsbrucker Grünen);61;26,18;;2;Ing. Mag. Anzengruber Johannes (JA - Jetzt Innsbruck - Johannes Anzengruber);172;73,82;;
701;Innsbruck-Stadt;70101;Innsbruck;240;;205;;205;0;1;Willi Georg (Georg Willi - Die Innsbrucker Grünen);75;36,59;;2;Ing. Mag. Anzengruber Johannes (JA - Jetzt Innsbruck - Johannes Anzengruber);130;63,41;;
701;Innsbruck-Stadt;70101;Innsbruck;241;;236;;232;4;1;Willi Georg (Georg Willi - Die Innsbrucker Grünen);82;35,34;;2;Ing. Mag. Anzengruber Johannes (JA - Jetzt Innsbruck - Johannes Anzengruber);150;64,66;;
701;Innsbruck-Stadt;70101;Innsbruck;242;;283;;281;2;1;Willi Georg (Georg Willi - Die Innsbrucker Grünen);69;24,56;;2;Ing. Mag. Anzengruber Johannes (JA - Jetzt Innsbruck - Johannes Anzengruber);212;75,44;;
701;Innsbruck-Stadt;70101;Innsbruck;243;;162;;161;1;1;Willi Georg (Georg Willi - Die Innsbrucker Grünen);55;34,16;;2;Ing. Mag. Anzengruber Johannes (JA - Jetzt Innsbruck - Johannes Anzengruber);106;65,84;;
701;Innsbruck-Stadt;70101;Innsbruck;244;;257;;255;2;1;Willi Georg (Georg Willi - Die Innsbrucker Grünen);62;24,31;;2;Ing. Mag. Anzengruber Johannes (JA - Jetzt Innsbruck - Johannes Anzengruber);193;75,69;;
701;Innsbruck-Stadt;70101;Innsbruck;245;;225;;222;3;1;Willi Georg (Georg Willi - Die Innsbrucker Grünen);66;29,73;;2;Ing. Mag. Anzengruber Johannes (JA - Jetzt Innsbruck - Johannes Anzengruber);156;70,27;;
701;Innsbruck-Stadt;70101;Innsbruck;246;;192;;190;2;1;Willi Georg (Georg Willi - Die Innsbrucker Grünen);34;17,89;;2;Ing. Mag. Anzengruber Johannes (JA - Jetzt Innsbruck - Johannes Anzengruber);156;82,11;;
701;Innsbruck-Stadt;70101;Innsbruck;250;;297;;296;1;1;Willi Georg (Georg Willi - Die Innsbrucker Grünen);96;32,43;;2;Ing. Mag. Anzengruber Johannes (JA - Jetzt Innsbruck - Johannes Anzengruber);200;67,57;;
701;Innsbruck-Stadt;70101;Innsbruck;251;;344;;341;3;1;Willi Georg (Georg Willi - Die Innsbrucker Grünen);70;20,53;;2;Ing. Mag. Anzengruber Johannes (JA - Jetzt Innsbruck - Johannes Anzengruber);271;79,47;;
701;Innsbruck-Stadt;70101;Innsbruck;252;;249;;247;2;1;Willi Georg (Georg Willi - Die Innsbrucker Grünen);59;23,89;;2;Ing. Mag. Anzengruber Johannes (JA - Jetzt Innsbruck - Johannes Anzengruber);188;76,11;;
701;Innsbruck-Stadt;70101;Innsbruck;253;;221;;221;0;1;Willi Georg (Georg Willi - Die Innsbrucker Grünen);43;19,46;;2;Ing. Mag. Anzengruber Johannes (JA - Jetzt Innsbruck - Johannes Anzengruber);178;80,54;;
701;Innsbruck-Stadt;70101;Innsbruck;254;;315;;312;3;1;Willi Georg (Georg Willi - Die Innsbrucker Grünen);86;27,56;;2;Ing. Mag. Anzengruber Johannes (JA - Jetzt Innsbruck - Johannes Anzengruber);226;72,44;;
701;Innsbruck-Stadt;70101;Innsbruck;255;;294;;293;1;1;Willi Georg (Georg Willi - Die Innsbrucker Grünen);44;15,02;;2;Ing. Mag. Anzengruber Johannes (JA - Jetzt Innsbruck - Johannes Anzengruber);249;84,98;;
701;Innsbruck-Stadt;70101;Innsbruck;256;;275;;275;0;1;Willi Georg (Georg Willi - Die Innsbrucker Grünen);41;14,91;;2;Ing. Mag. Anzengruber Johannes (JA - Jetzt Innsbruck - Johannes Anzengruber);234;85,09;;
701;Innsbruck-Stadt;70101;Innsbruck;257;;322;;320;2;1;Willi Georg (Georg Willi - Die Innsbrucker Grünen);89;27,81;;2;Ing. Mag. Anzengruber Johannes (JA - Jetzt Innsbruck - Johannes Anzengruber);231;72,19;;
701;Innsbruck-Stadt;70101;Innsbruck;260;;341;;338;3;1;Willi Georg (Georg Willi - Die Innsbrucker Grünen);67;19,82;;2;Ing. Mag. Anzengruber Johannes (JA - Jetzt Innsbruck - Johannes Anzengruber);271;80,18;;
701;Innsbruck-Stadt;70101;Innsbruck;261;;207;;205;2;1;Willi Georg (Georg Willi - Die Innsbrucker Grünen);36;17,56;;2;Ing. Mag. Anzengruber Johannes (JA - Jetzt Innsbruck - Johannes Anzengruber);169;82,44;;
701;Innsbruck-Stadt;70101;Innsbruck;262;;258;;258;0;1;Willi Georg (Georg Willi - Die Innsbrucker Grünen);72;27,91;;2;Ing. Mag. Anzengruber Johannes (JA - Jetzt Innsbruck - Johannes Anzengruber);186;72,09;;
701;Innsbruck-Stadt;70101;Innsbruck;263;;289;;289;0;1;Willi Georg (Georg Willi - Die Innsbrucker Grünen);64;22,15;;2;Ing. Mag. Anzengruber Johannes (JA - Jetzt Innsbruck - Johannes Anzengruber);225;77,85;;
701;Innsbruck-Stadt;70101;Innsbruck;264;;225;;224;1;1;Willi Georg (Georg Willi - Die Innsbrucker Grünen);50;22,32;;2;Ing. Mag. Anzengruber Johannes (JA - Jetzt Innsbruck - Johannes Anzengruber);174;77,68;;
701;Innsbruck-Stadt;70101;Innsbruck;265;;292;;291;1;1;Willi Georg (Georg Willi - Die Innsbrucker Grünen);71;24,40;;2;Ing. Mag. Anzengruber Johannes (JA - Jetzt Innsbruck - Johannes Anzengruber);220;75,60;;
701;Innsbruck-Stadt;70101;Innsbruck;300;;386;;384;2;1;Willi Georg (Georg Willi - Die Innsbrucker Grünen);181;47,14;;2;Ing. Mag. Anzengruber Johannes (JA - Jetzt Innsbruck - Johannes Anzengruber);203;52,86;;
701;Innsbruck-Stadt;70101;Innsbruck;301;;303;;300;3;1;Willi Georg (Georg Willi - Die Innsbrucker Grünen);103;34,33;;2;Ing. Mag. Anzengruber Johannes (JA - Jetzt Innsbruck - Johannes Anzengruber);197;65,67;;
701;Innsbruck-Stadt;70101;Innsbruck;302;;427;;424;3;1;Willi Georg (Georg Willi - Die Innsbrucker Grünen);205;48,35;;2;Ing. Mag. Anzengruber Johannes (JA - Jetzt Innsbruck - Johannes Anzengruber);219;51,65;;
701;Innsbruck-Stadt;70101;Innsbruck;303;;382;;379;3;1;Willi Georg (Georg Willi - Die Innsbrucker Grünen);196;51,72;;2;Ing. Mag. Anzengruber Johannes (JA - Jetzt Innsbruck - Johannes Anzengruber);183;48,28;;
701;Innsbruck-Stadt;70101;Innsbruck;304;;391;;387;4;1;Willi Georg (Georg Willi - Die Innsbrucker Grünen);202;52,20;;2;Ing. Mag. Anzengruber Johannes (JA - Jetzt Innsbruck - Johannes Anzengruber);185;47,80;;
701;Innsbruck-Stadt;70101;Innsbruck;305;;425;;424;1;1;Willi Georg (Georg Willi - Die Innsbrucker Grünen);225;53,07;;2;Ing. Mag. Anzengruber Johannes (JA - Jetzt Innsbruck - Johannes Anzengruber);199;46,93;;
701;Innsbruck-Stadt;70101;Innsbruck;306;;220;;218;2;1;Willi Georg (Georg Willi - Die Innsbrucker Grünen);120;55,05;;2;Ing. Mag. Anzengruber Johannes (JA - Jetzt Innsbruck - Johannes Anzengruber);98;44,95;;
701;Innsbruck-Stadt;70101;Innsbruck;307;;265;;264;1;1;Willi Georg (Georg Willi - Die Innsbrucker Grünen);128;48,48;;2;Ing. Mag. Anzengruber Johannes (JA - Jetzt Innsbruck - Johannes Anzengruber);136;51,52;;
701;Innsbruck-Stadt;70101;Innsbruck;310;;509;;504;5;1;Willi Georg (Georg Willi - Die Innsbrucker Grünen);216;42,86;;2;Ing. Mag. Anzengruber Johannes (JA - Jetzt Innsbruck - Johannes Anzengruber);288;57,14;;
701;Innsbruck-Stadt;70101;Innsbruck;320;;142;;142;0;1;Willi Georg (Georg Willi - Die Innsbrucker Grünen);69;48,59;;2;Ing. Mag. Anzengruber Johannes (JA - Jetzt Innsbruck - Johannes Anzengruber);73;51,41;;
701;Innsbruck-Stadt;70101;Innsbruck;321;;258;;254;4;1;Willi Georg (Georg Willi - Die Innsbrucker Grünen);137;53,94;;2;Ing. Mag. Anzengruber Johannes (JA - Jetzt Innsbruck - Johannes Anzengruber);117;46,06;;
701;Innsbruck-Stadt;70101;Innsbruck;322;;234;;228;6;1;Willi Georg (Georg Willi - Die Innsbrucker Grünen);109;47,81;;2;Ing. Mag. Anzengruber Johannes (JA - Jetzt Innsbruck - Johannes Anzengruber);119;52,19;;
701;Innsbruck-Stadt;70101;Innsbruck;323;;285;;285;0;1;Willi Georg (Georg Willi - Die Innsbrucker Grünen);135;47,37;;2;Ing. Mag. Anzengruber Johannes (JA - Jetzt Innsbruck - Johannes Anzengruber);150;52,63;;
701;Innsbruck-Stadt;70101;Innsbruck;324;;313;;309;4;1;Willi Georg (Georg Willi - Die Innsbrucker Grünen);148;47,90;;2;Ing. Mag. Anzengruber Johannes (JA - Jetzt Innsbruck - Johannes Anzengruber);161;52,10;;
701;Innsbruck-Stadt;70101;Innsbruck;325;;271;;270;1;1;Willi Georg (Georg Willi - Die Innsbrucker Grünen);115;42,59;;2;Ing. Mag. Anzengruber Johannes (JA - Jetzt Innsbruck - Johannes Anzengruber);155;57,41;;
701;Innsbruck-Stadt;70101;Innsbruck;330;;294;;293;1;1;Willi Georg (Georg Willi - Die Innsbrucker Grünen);125;42,66;;2;Ing. Mag. Anzengruber Johannes (JA - Jetzt Innsbruck - Johannes Anzengruber);168;57,34;;
701;Innsbruck-Stadt;70101;Innsbruck;331;;462;;461;1;1;Willi Georg (Georg Willi - Die Innsbrucker Grünen);212;45,99;;2;Ing. Mag. Anzengruber Johannes (JA - Jetzt Innsbruck - Johannes Anzengruber);249;54,01;;
701;Innsbruck-Stadt;70101;Innsbruck;332;;409;;403;6;1;Willi Georg (Georg Willi - Die Innsbrucker Grünen);183;45,41;;2;Ing. Mag. Anzengruber Johannes (JA - Jetzt Innsbruck - Johannes Anzengruber);220;54,59;;
701;Innsbruck-Stadt;70101;Innsbruck;333;;407;;407;0;1;Willi Georg (Georg Willi - Die Innsbrucker Grünen);183;44,96;;2;Ing. Mag. Anzengruber Johannes (JA - Jetzt Innsbruck - Johannes Anzengruber);224;55,04;;
701;Innsbruck-Stadt;70101;Innsbruck;334;;459;;457;2;1;Willi Georg (Georg Willi - Die Innsbrucker Grünen);182;39,82;;2;Ing. Mag. Anzengruber Johannes (JA - Jetzt Innsbruck - Johannes Anzengruber);275;60,18;;
701;Innsbruck-Stadt;70101;Innsbruck;335;;305;;303;2;1;Willi Georg (Georg Willi - Die Innsbrucker Grünen);129;42,57;;2;Ing. Mag. Anzengruber Johannes (JA - Jetzt Innsbruck - Johannes Anzengruber);174;57,43;;
701;Innsbruck-Stadt;70101;Innsbruck;336;;421;;417;4;1;Willi Georg (Georg Willi - Die Innsbrucker Grünen);199;47,72;;2;Ing. Mag. Anzengruber Johannes (JA - Jetzt Innsbruck - Johannes Anzengruber);218;52,28;;
701;Innsbruck-Stadt;70101;Innsbruck;337;;305;;304;1;1;Willi Georg (Georg Willi - Die Innsbrucker Grünen);118;38,82;;2;Ing. Mag. Anzengruber Johannes (JA - Jetzt Innsbruck - Johannes Anzengruber);186;61,18;;
701;Innsbruck-Stadt;70101;Innsbruck;340;;299;;297;2;1;Willi Georg (Georg Willi - Die Innsbrucker Grünen);122;41,08;;2;Ing. Mag. Anzengruber Johannes (JA - Jetzt Innsbruck - Johannes Anzengruber);175;58,92;;
701;Innsbruck-Stadt;70101;Innsbruck;341;;309;;308;1;1;Willi Georg (Georg Willi - Die Innsbrucker Grünen);133;43,18;;2;Ing. Mag. Anzengruber Johannes (JA - Jetzt Innsbruck - Johannes Anzengruber);175;56,82;;
701;Innsbruck-Stadt;70101;Innsbruck;342;;264;;263;1;1;Willi Georg (Georg Willi - Die Innsbrucker Grünen);77;29,28;;2;Ing. Mag. Anzengruber Johannes (JA - Jetzt Innsbruck - Johannes Anzengruber);186;70,72;;
701;Innsbruck-Stadt;70101;Innsbruck;343;;274;;272;2;1;Willi Georg (Georg Willi - Die Innsbrucker Grünen);123;45,22;;2;Ing. Mag. Anzengruber Johannes (JA - Jetzt Innsbruck - Johannes Anzengruber);149;54,78;;
701;Innsbruck-Stadt;70101;Innsbruck;344;;247;;246;1;1;Willi Georg (Georg Willi - Die Innsbrucker Grünen);102;41,46;;2;Ing. Mag. Anzengruber Johannes (JA - Jetzt Innsbruck - Johannes Anzengruber);144;58,54;;
701;Innsbruck-Stadt;70101;Innsbruck;345;;273;;273;0;1;Willi Georg (Georg Willi - Die Innsbrucker Grünen);93;34,07;;2;Ing. Mag. Anzengruber Johannes (JA - Jetzt Innsbruck - Johannes Anzengruber);180;65,93;;
701;Innsbruck-Stadt;70101;Innsbruck;350;;324;;323;1;1;Willi Georg (Georg Willi - Die Innsbrucker Grünen);163;50,46;;2;Ing. Mag. Anzengruber Johannes (JA - Jetzt Innsbruck - Johannes Anzengruber);160;49,54;;
701;Innsbruck-Stadt;70101;Innsbruck;351;;377;;377;0;1;Willi Georg (Georg Willi - Die Innsbrucker Grünen);197;52,25;;2;Ing. Mag. Anzengruber Johannes (JA - Jetzt Innsbruck - Johannes Anzengruber);180;47,75;;
701;Innsbruck-Stadt;70101;Innsbruck;352;;375;;373;2;1;Willi Georg (Georg Willi - Die Innsbrucker Grünen);183;49,06;;2;Ing. Mag. Anzengruber Johannes (JA - Jetzt Innsbruck - Johannes Anzengruber);190;50,94;;
701;Innsbruck-Stadt;70101;Innsbruck;353;;283;;283;0;1;Willi Georg (Georg Willi - Die Innsbrucker Grünen);126;44,52;;2;Ing. Mag. Anzengruber Johannes (JA - Jetzt Innsbruck - Johannes Anzengruber);157;55,48;;
701;Innsbruck-Stadt;70101;Innsbruck;354;;372;;368;4;1;Willi Georg (Georg Willi - Die Innsbrucker Grünen);182;49,46;;2;Ing. Mag. Anzengruber Johannes (JA - Jetzt Innsbruck - Johannes Anzengruber);186;50,54;;
701;Innsbruck-Stadt;70101;Innsbruck;355;;257;;257;0;1;Willi Georg (Georg Willi - Die Innsbrucker Grünen);88;34,24;;2;Ing. Mag. Anzengruber Johannes (JA - Jetzt Innsbruck - Johannes Anzengruber);169;65,76;;
701;Innsbruck-Stadt;70101;Innsbruck;356;;316;;314;2;1;Willi Georg (Georg Willi - Die Innsbrucker Grünen);57;18,15;;2;Ing. Mag. Anzengruber Johannes (JA - Jetzt Innsbruck - Johannes Anzengruber);257;81,85;;
701;Innsbruck-Stadt;70101;Innsbruck;360;;348;;347;1;1;Willi Georg (Georg Willi - Die Innsbrucker Grünen);119;34,29;;2;Ing. Mag. Anzengruber Johannes (JA - Jetzt Innsbruck - Johannes Anzengruber);228;65,71;;
701;Innsbruck-Stadt;70101;Innsbruck;361;;466;;460;6;1;Willi Georg (Georg Willi - Die Innsbrucker Grünen);173;37,61;;2;Ing. Mag. Anzengruber Johannes (JA - Jetzt Innsbruck - Johannes Anzengruber);287;62,39;;
701;Innsbruck-Stadt;70101;Innsbruck;400;;395;;394;1;1;Willi Georg (Georg Willi - Die Innsbrucker Grünen);163;41,37;;2;Ing. Mag. Anzengruber Johannes (JA - Jetzt Innsbruck - Johannes Anzengruber);231;58,63;;
701;Innsbruck-Stadt;70101;Innsbruck;401;;283;;282;1;1;Willi Georg (Georg Willi - Die Innsbrucker Grünen);117;41,49;;2;Ing. Mag. Anzengruber Johannes (JA - Jetzt Innsbruck - Johannes Anzengruber);165;58,51;;
701;Innsbruck-Stadt;70101;Innsbruck;402;;403;;400;3;1;Willi Georg (Georg Willi - Die Innsbrucker Grünen);193;48,25;;2;Ing. Mag. Anzengruber Johannes (JA - Jetzt Innsbruck - Johannes Anzengruber);207;51,75;;
701;Innsbruck-Stadt;70101;Innsbruck;430;;280;;280;0;1;Willi Georg (Georg Willi - Die Innsbrucker Grünen);71;25,36;;2;Ing. Mag. Anzengruber Johannes (JA - Jetzt Innsbruck - Johannes Anzengruber);209;74,64;;
701;Innsbruck-Stadt;70101;Innsbruck;431;;359;;359;0;1;Willi Georg (Georg Willi - Die Innsbrucker Grünen);94;26,18;;2;Ing. Mag. Anzengruber Johannes (JA - Jetzt Innsbruck - Johannes Anzengruber);265;73,82;;
701;Innsbruck-Stadt;70101;Innsbruck;500;;253;;251;2;1;Willi Georg (Georg Willi - Die Innsbrucker Grünen);86;34,26;;2;Ing. Mag. Anzengruber Johannes (JA - Jetzt Innsbruck - Johannes Anzengruber);165;65,74;;
701;Innsbruck-Stadt;70101;Innsbruck;501;;256;;252;4;1;Willi Georg (Georg Willi - Die Innsbrucker Grünen);49;19,44;;2;Ing. Mag. Anzengruber Johannes (JA - Jetzt Innsbruck - Johannes Anzengruber);203;80,56;;
701;Innsbruck-Stadt;70101;Innsbruck;510;;347;;345;2;1;Willi Georg (Georg Willi - Die Innsbrucker Grünen);80;23,19;;2;Ing. Mag. Anzengruber Johannes (JA - Jetzt Innsbruck - Johannes Anzengruber);265;76,81;;
701;Innsbruck-Stadt;70101;Innsbruck;511;;425;;421;4;1;Willi Georg (Georg Willi - Die Innsbrucker Grünen);107;25,42;;2;Ing. Mag. Anzengruber Johannes (JA - Jetzt Innsbruck - Johannes Anzengruber);314;74,58;;
701;Innsbruck-Stadt;70101;Innsbruck;512;;309;;307;2;1;Willi Georg (Georg Willi - Die Innsbrucker Grünen);96;31,27;;2;Ing. Mag. Anzengruber Johannes (JA - Jetzt Innsbruck - Johannes Anzengruber);211;68,73;;
701;Innsbruck-Stadt;70101;Innsbruck;513;;205;;205;0;1;Willi Georg (Georg Willi - Die Innsbrucker Grünen);75;36,59;;2;Ing. Mag. Anzengruber Johannes (JA - Jetzt Innsbruck - Johannes Anzengruber);130;63,41;;
701;Innsbruck-Stadt;70101;Innsbruck;600;;424;;424;0;1;Willi Georg (Georg Willi - Die Innsbrucker Grünen);115;27,12;;2;Ing. Mag. Anzengruber Johannes (JA - Jetzt Innsbruck - Johannes Anzengruber);309;72,88;;
701;Innsbruck-Stadt;70101;Innsbruck;601;;304;;302;2;1;Willi Georg (Georg Willi - Die Innsbrucker Grünen);81;26,82;;2;Ing. Mag. Anzengruber Johannes (JA - Jetzt Innsbruck - Johannes Anzengruber);221;73,18;;
701;Innsbruck-Stadt;70101;Innsbruck;610;;269;;267;2;1;Willi Georg (Georg Willi - Die Innsbrucker Grünen);102;38,20;;2;Ing. Mag. Anzengruber Johannes (JA - Jetzt Innsbruck - Johannes Anzengruber);165;61,80;;
701;Innsbruck-Stadt;70101;Innsbruck;611;;452;;450;2;1;Willi Georg (Georg Willi - Die Innsbrucker Grünen);171;38,00;;2;Ing. Mag. Anzengruber Johannes (JA - Jetzt Innsbruck - Johannes Anzengruber);279;62,00;;
701;Innsbruck-Stadt;70101;Innsbruck;612;;337;;332;5;1;Willi Georg (Georg Willi - Die Innsbrucker Grünen);96;28,92;;2;Ing. Mag. Anzengruber Johannes (JA - Jetzt Innsbruck - Johannes Anzengruber);236;71,08;;
701;Innsbruck-Stadt;70101;Innsbruck;620;;238;;237;1;1;Willi Georg (Georg Willi - Die Innsbrucker Grünen);67;28,27;;2;Ing. Mag. Anzengruber Johannes (JA - Jetzt Innsbruck - Johannes Anzengruber);170;71,73;;
701;Innsbruck-Stadt;70101;Innsbruck;621;;248;;248;0;1;Willi Georg (Georg Willi - Die Innsbrucker Grünen);59;23,79;;2;Ing. Mag. Anzengruber Johannes (JA - Jetzt Innsbruck - Johannes Anzengruber);189;76,21;;
701;Innsbruck-Stadt;70101;Innsbruck;630;;178;;178;0;1;Willi Georg (Georg Willi - Die Innsbrucker Grünen);23;12,92;;2;Ing. Mag. Anzengruber Johannes (JA - Jetzt Innsbruck - Johannes Anzengruber);155;87,08;;
701;Innsbruck-Stadt;70101;Innsbruck;631;;189;;187;2;1;Willi Georg (Georg Willi - Die Innsbrucker Grünen);40;21,39;;2;Ing. Mag. Anzengruber Johannes (JA - Jetzt Innsbruck - Johannes Anzengruber);147;78,61;;
701;Innsbruck-Stadt;70101;Innsbruck;632;;223;;221;2;1;Willi Georg (Georg Willi - Die Innsbrucker Grünen);41;18,55;;2;Ing. Mag. Anzengruber Johannes (JA - Jetzt Innsbruck - Johannes Anzengruber);180;81,45;;
701;Innsbruck-Stadt;70101;Innsbruck;633;;249;;246;3;1;Willi Georg (Georg Willi - Die Innsbrucker Grünen);21;8,54;;2;Ing. Mag. Anzengruber Johannes (JA - Jetzt Innsbruck - Johannes Anzengruber);225;91,46;;
701;Innsbruck-Stadt;70101;Innsbruck;634;;193;;191;2;1;Willi Georg (Georg Willi - Die Innsbrucker Grünen);41;21,47;;2;Ing. Mag. Anzengruber Johannes (JA - Jetzt Innsbruck - Johannes Anzengruber);150;78,53;;
701;Innsbruck-Stadt;70101;Innsbruck;635;;352;;352;0;1;Willi Georg (Georg Willi - Die Innsbrucker Grünen);23;6,53;;2;Ing. Mag. Anzengruber Johannes (JA - Jetzt Innsbruck - Johannes Anzengruber);329;93,47;;
701;Innsbruck-Stadt;70101;Innsbruck;700;;264;;263;1;1;Willi Georg (Georg Willi - Die Innsbrucker Grünen);103;39,16;;2;Ing. Mag. Anzengruber Johannes (JA - Jetzt Innsbruck - Johannes Anzengruber);160;60,84;;
701;Innsbruck-Stadt;70101;Innsbruck;800;;386;;380;6;1;Willi Georg (Georg Willi - Die Innsbrucker Grünen);164;43,16;;2;Ing. Mag. Anzengruber Johannes (JA - Jetzt Innsbruck - Johannes Anzengruber);216;56,84;;
701;Innsbruck-Stadt;70101;Innsbruck;801;;319;;318;1;1;Willi Georg (Georg Willi - Die Innsbrucker Grünen);132;41,51;;2;Ing. Mag. Anzengruber Johannes (JA - Jetzt Innsbruck - Johannes Anzengruber);186;58,49;;
701;Innsbruck-Stadt;70101;Innsbruck;802;;348;;344;4;1;Willi Georg (Georg Willi - Die Innsbrucker Grünen);102;29,65;;2;Ing. Mag. Anzengruber Johannes (JA - Jetzt Innsbruck - Johannes Anzengruber);242;70,35;;
701;Innsbruck-Stadt;70101;Innsbruck;901;;83;;81;2;1;Willi Georg (Georg Willi - Die Innsbrucker Grünen);39;48,15;;2;Ing. Mag. Anzengruber Johannes (JA - Jetzt Innsbruck - Johannes Anzengruber);42;51,85;;
701;Innsbruck-Stadt;70101;Innsbruck;902;;85;;81;4;1;Willi Georg (Georg Willi - Die Innsbrucker Grünen);35;43,21;;2;Ing. Mag. Anzengruber Johannes (JA - Jetzt Innsbruck - Johannes Anzengruber);46;56,79;;
701;Innsbruck-Stadt;70101;Innsbruck;903;;77;;75;2;1;Willi Georg (Georg Willi - Die Innsbrucker Grünen);31;41,33;;2;Ing. Mag. Anzengruber Johannes (JA - Jetzt Innsbruck - Johannes Anzengruber);44;58,67;;
701;Innsbruck-Stadt;70101;Innsbruck;904;;138;;136;2;1;Willi Georg (Georg Willi - Die Innsbrucker Grünen);70;51,47;;2;Ing. Mag. Anzengruber Johannes (JA - Jetzt Innsbruck - Johannes Anzengruber);66;48,53;;
701;Innsbruck-Stadt;70101;Innsbruck;905;;68;;68;0;1;Willi Georg (Georg Willi - Die Innsbrucker Grünen);10;14,71;;2;Ing. Mag. Anzengruber Johannes (JA - Jetzt Innsbruck - Johannes Anzengruber);58;85,29;;
701;Innsbruck-Stadt;70101;Innsbruck;930;;0;;0;0;1;Willi Georg (Georg Willi - Die Innsbrucker Grünen);0;0,00;;2;Ing. Mag. Anzengruber Johannes (JA - Jetzt Innsbruck - Johannes Anzengruber);0;0,00;;
